date,week,coral_ID,treatment_temp,ambient_temp,Fo_1,Fm_1,Fv/Fm_1,Fo_2,Fm_2,Fv/Fm_2,Fo_3,Fm_3,Fv/Fm_3,,,,,,,,,,,,
6/17/22,1,MAX,32,18,178,256,0.34,192,236,0.328,127,188,0.324,,,,,,,,,,,,
6/17/22,1,RIAA,32,18,137,185,0.259,283,452,0.373,340,426,0.201,,,,,,,,,,,,
6/17/22,1,NCV,32,18,261,825,0.683,353,826,0.572,247,745,0.668,,,,,,,,,,,,
6/17/22,1,NCX,32,18,280,694,0.596,232,564,0.588,197,514,0.616,,,,,,,,,,,,
6/17/22,1,RIV,32,18,288,490,0.412,123,321,0.616,232,431,0.461,,,,,,,,,,,,
6/17/22,1,MAV,32,18,60,102,0.411,77,123,0.373,61,110,0.445,,,,,,,,,,,,
6/17/22,1,RIZ,32,18,316,502,0.37,135,185,0.27,291,449,0.351,,,,,,,,,,,,
6/17/22,1,NCAB,32,18,243,565,0.569,74,153,0.516,108,212,0.49,,,,,,,,,,,,
6/17/22,1,MAY,32,18,242,445,0.456,68,120,0.433,119,284,0.58,,,,,,,,,,,,
6/17/22,1,NCZ,32,18,344,790,0.564,311,783,0.602,160,448,0.642,,,,,,,,,,,,
6/18/22,1,RIAB,32,18,308,442,0.303,229,273,0.161,403,695,0.42,,,,,,,,,,,,
6/18/22,1,MAZ,32,18,289,453,0.362,105,168,0.375,134,188,0.287,,,,,,,,,,,,
6/18/22,1,RIX,32,18,116,178,0.348,283,519,0.454,121,176,0.312,,,,,,,,,,,,
6/18/22,1,MAU,28,18,197,430,0.541,272,602,0.548,234,562,0.583,,,,,,,,,,,,
6/18/22,1,RIU,28,18,279,475,0.412,311,522,0.404,380,702,0.458,,,,,,,,,,,,
6/19/22,1,MAW,32,18,257,332,0.225,246,445,0.447,248,370,0.329,,,,,,,,,,,,
6/19/22,1,NCY,32,18,361,944,0.617,301,969,0.689,251,716,0.649,,,,,,,,,,,,
6/19/22,1,NCW,32,18,316,847,0.626,310,798,0.611,267,709,0.623,,,,,,,,,,,,
6/19/22,1,RIW,32,18,394,798,0.506,321,566,0.432,319,524,0.391,,,,,,,,,,,,
6/19/22,1,RIY,32,18,297,468,0.365,273,468,0.416,227,354,0.358,,,,,,,,,,,,
6/19/22,1,MAAA,32,18,160,209,0.234,185,285,0.35,125,189,0.338,,,,,,,,,,,,
6/19/22,1,NCAA,32,18,313,703,0.554,309,894,0.654,188,511,0.632,,,,,,,,,,,,
6/19/22,1,MAAB,32,18,186,254,0.267,98,125,0.216,177,305,0.419,,,,,,,,,,,,
6/19/22,1,RIR,28,18,485,722,0.328,421,633,0.334,143,241,0.406,,,,,,,,,,,,
6/19/22,1,MAO,28,18,248,377,0.342,192,386,0.502,145,276,0.474,,,,,,,,,,,,
6/20/22,1,MAR,28,18,346,686,0.496,139,285,0.512,241,391,0.383,,,,,,,,,,,,
6/20/22,1,NCQ,28,18,300,762,0.606,228,677,0.663,255,661,0.614,,,,,,,,,,,,
6/20/22,1,NCU,28,18,230,613,0.624,277,739,0.625,180,505,0.643,,,,,,,,,,,,
6/20/22,1,MAP,28,18,200,434,0.539,65,129,0.496,81,224,0.638,,,,,,,,,,,,
6/20/22,1,NCR,28,18,239,558,0.571,265,724,0.633,265,805,0.67,,,,,,,,,,,,
6/20/22,1,RIS,28,18,303,430,0.295,300,509,0.41,191,305,0.373,,,,,,,,,,,,
6/20/22,1,RIT,28,18,561,932,0.398,351,559,0.372,325,524,0.379,,,,,,,,,,,,
6/20/22,1,RIP,28,18,364,544,0.33,430,755,0.43,192,366,0.475,,,,,,,,,,,,
6/20/22,1,RIQ,28,18,267,400,0.332,214,359,0.403,181,338,0.464,,,,,,,,,,,,
6/20/22,1,RIO,28,18,250,387,0.354,206,260,0.207,274,463,0.408,,,,,,,,,,,,
6/20/22,1,MAQ,28,18,106,212,0.5,93,136,0.316,108,217,0.502,,,,,,,,,,,,
6/20/22,1,NCS,28,18,294,775,0.62,239,727,0.671,229,678,0.662,,,,,,,,,,,,
6/20/22,1,NCO,28,18,285,695,0.589,227,628,0.638,315,849,0.628,,,,,,,,,,,,
6/20/22,1,NCP,28,18,282,735,0.616,168,486,0.654,262,785,0.666,,,,,,,,,,,,
6/20/22,1,MAT,28,18,181,406,0.554,213,425,0.498,194,412,0.529,,,,,,,,,,,,
6/21/22,1,NCJ,22,18,509,1054,0.517,273,755,0.638,419,1089,0.615,,,,,,,,,,,,
6/21/22,1,RIN,22,18,101,144,0.298,180,302,0.403,224,279,0.197,,,,,,,,,,,,
6/21/22,1,RIM,22,18,261,422,0.381,292,445,0.343,424,605,0.299,,,,,,,,,,,,
6/21/22,1,MAK,22,18,137,198,0.308,188,384,0.51,171,305,0.439,,,,,,,,,,,,
6/21/22,1,MAI,22,18,54,75,0.28,118,241,0.51,178,292,0.39,,,,,,,,,,,,
6/21/22,1,NCT,28,18,213,516,0.587,154,402,0.616,191,519,0.631,,,,,,,,,,,,
6/21/22,1,MAS,28,18,175,344,0.491,141,255,0.447,104,199,0.477,,,,,,,,,,,,
6/21/22,1,RIK,22,18,302,428,0.294,178,434,0.589,320,459,0.302,,,,,,,,,,,,
6/21/22,1,NCL,22,18,262,538,0.513,281,704,0.6,363,867,0.581,,,,,,,,,,,,
6/21/22,1,MAH,22,18,48,72,0.333,92,170,0.458,154,301,0.488,,,,,,,,,,,,
6/21/22,1,RIJ,22,18,513,629,0.184,316,489,0.353,304,656,0.536,,,,,,,,,,,,
6/21/22,1,MAM,22,18,226,657,0.656,24,46,0.478,141,218,0.353,,,,,,,,,,,,
6/21/22,1,MAL,22,18,220,400,0.45,112,161,0.304,161,266,0.394,,,,,,,,,,,,
6/21/22,1,NCI,22,18,325,670,0.514,228,608,0.625,309,812,0.619,,,,,,,,,,,,
6/21/22,1,RII,22,18,417,591,0.294,289,443,0.347,170,237,0.282,,,,,,,,,,,,
6/23/22,1,MAJ,22,18,162,207,0.217,130,191,0.319,191,370,0.483,,,,,,,,,,,,
6/23/22,1,MAN,22,18,81,127,0.362,68,145,0.531,153,166,0.78,,,,,,,,,,,,
6/23/22,1,NCM,22,18,219,518,0.577,200,547,0.634,228,678,0.663,,,,,,,,,,,,
6/23/22,1,NCK,22,18,220,500,0.56,283,762,0.628,194,467,0.584,,,,,,,,,,,,
6/23/22,1,NCH,22,18,284,656,0.567,273,705,0.612,297,713,0.583,,,,,,,,,,,,
6/23/22,1,RIL,22,18,84,94,0.106,67,79,0.151,202,213,0.051,,,,,,,,,,,,
6/23/22,1,NCN,22,18,158,415,0.619,168,504,0.666,194,604,0.678,,,,,,,,,,,,
6/23/22,1,RIH,22,18,212,326,0.349,213,502,0.575,192,336,0.428,,,,,,,,,,,,
6/23/22,1,NCE,18,18,210,484,0.566,195,451,0.567,141,320,0.559,,,,,,,,,,,,
6/23/22,1,RID,18,18,217,288,0.246,166,237,0.299,196,350,0.44,,,,,,,,,,,,
6/23/22,1,RIB,18,18,192,254,0.244,144,209,0.311,157,251,0.374,,,,,,,,,,,,
6/23/22,1,RIA,18,18,198,273,0.274,70,92,0.239,103,164,0.371,,,,,,,,,,,,
6/23/22,1,RIF,18,18,140,201,0.303,292,406,0.28,110,165,0.333,,,,,,,,,,,,
6/23/22,1,NCG,18,18,238,522,0.544,218,619,0.647,242,655,0.63,,,,,,,,,,,,
6/23/22,1,MAF,18,18,131,162,0.191,125,214,0.415,122,148,0.175,,,,,,,,,,,,
6/23/22,1,MAE,18,18,125,223,0.439,141,307,0.54,114,191,0.403,,,,,,,,,,,,
6/23/22,1,RIE,18,18,148,181,0.182,188,226,0.168,195,266,0.266,,,,,,,,,,,,
6/23/22,1,MAD,18,18,121,188,0.356,120,246,0.512,79,133,0.406,,,,,,,,,,,,
6/23/22,1,NCD,18,18,195,503,0.612,247,656,0.623,228,603,0.621,,,,,,,,,,,,
6/23/22,1,NCF,18,18,272,580,0.531,183,461,0.603,242,599,0.595,,,,,,,,,,,,
6/24/22,1,MAA,18,18,299,388,0.229,291,499,0.416,104,176,0.409,,,,,,,,,,,,
6/24/22,1,MAG,18,18,186,276,0.326,222,344,0.354,191,413,0.537,,,,,,,,,,,,
6/24/22,1,MAB,18,18,154,221,0.303,162,281,0.423,171,261,0.344,,,,,,,,,,,,
6/24/22,1,RIG,18,18,149,240,0.379,53,174,0.695,130,244,0.467,,,,,,,,,,,,
6/24/22,1,MAC,18,18,54,76,0.289,132,231,0.428,45,110,0.59,,,,,,,,,,,,
6/24/22,1,NCA,18,18,185,454,0.592,94,242,0.611,183,567,0.677,,,,,,,,,,,,
6/24/22,1,NCB,18,18,244,570,0.571,214,590,0.637,194,524,0.629,,,,,,,,,,,,
6/24/22,1,RIC,18,18,288,488,0.409,230,384,0.401,199,356,0.441,,,,,,,,,,,,
6/24/22,1,NCC,18,18,159,381,0.582,136,383,0.644,153,433,0.646,,,,,,,,,,,,
6/28/22,2,NCD,18,18,259,699,0.629,189,477,0.603,217,567,0.617,,,,,,,,,,,,
6/28/22,2,MAE,18,18,130,235,0.446,115,226,0.491,141,281,0.498,,,,,,,,,,,,
6/28/22,2,NCE,18,18,134,369,0.636,107,258,0.585,181,565,0.679,,,,,,,,,,,,
6/28/22,2,MAD,18,18,146,359,0.593,126,295,0.572,140,321,0.563,,,,,,,,,,,,
6/28/22,2,RIE,18,18,255,376,0.321,234,451,0.481,215,326,0.34,,,,,,,,,,,,
6/28/22,2,MAA,18,18,35,79,0.556,235,537,0.562,105,224,0.531,,,,,,,,,,,,
6/28/22,2,RIF,18,18,247,364,0.321,218,397,0.45,244,450,0.457,,,,,,,,,,,,
6/28/22,2,NCG,18,18,247,682,0.637,256,687,0.627,234,681,0.656,,,,,,,,,,,,
6/28/22,2,MAG,18,18,177,348,0.491,167,334,0.5,158,350,0.548,,,,,,,,,,,,
6/28/22,2,RID,18,18,255,408,0.375,134,242,0.446,193,339,0.43,,,,,,,,,,,,
6/28/22,2,RIA,18,18,50,79,0.367,212,416,0.49,200,369,0.458,,,,,,,,,,,,
6/28/22,2,NCF,18,18,214,540,0.603,265,671,0.605,249,605,0.588,,,,,,,,,,,,
6/28/22,2,RIB,18,18,194,362,0.464,101,182,0.445,265,472,0.438,,,,,,,,,,,,
6/28/22,2,MAC,18,18,104,180,0.422,48,77,0.376,65,110,0.409,,,,,,,,,,,,
6/28/22,2,NCC,18,18,65,205,0.682,198,576,0.656,119,356,0.665,,,,,,,,,,,,
6/28/22,2,RIG,18,18,129,228,0.434,219,411,0.467,164,281,0.416,,,,,,,,,,,,
6/28/22,2,MAF,18,18,54,107,0.495,32,44,0.272,72,157,0.541,,,,,,,,,,,,
6/28/22,2,NCB,18,18,218,645,0.662,245,640,0.617,207,563,0.632,,,,,,,,,,,,
6/28/22,2,RIC,18,18,324,595,0.455,211,395,0.465,175,349,0.498,,,,,,,,,,,,
6/28/22,2,MAB,18,18,210,458,0.541,162,316,0.487,92,209,0.559,,,,,,,,,,,,
6/28/22,2,NCA,18,18,114,359,0.682,134,380,0.647,110,314,0.649,,,,,,,,,,,,
6/28/22,2,RIW,32,32,287,426,0.326,212,299,0.29,231,338,0.316,,,,,,,,,,,,
6/28/22,2,RIV,32,32,324,535,0.394,238,345,0.31,289,449,0.356,,,,,,,,,,,,
6/28/22,2,RIAA,32,32,315,439,0.282,263,383,0.313,332,515,0.355,,,,,,,,,,,,
6/28/22,2,NCAB,32,32,148,465,0.681,160,447,0.642,173,508,0.659,,,,,,,,,,,,
6/28/22,2,RIX,32,32,267,377,0.291,240,412,0.417,96,124,0.225,,,,,,,,,,,,
6/28/22,2,MAAA,32,32,138,201,0.313,211,309,0.317,92,117,0.213,,,,,,,,,,,,
6/28/22,2,RIAB,32,32,333,383,0.13,213,231,0.077,274,409,0.33,,,,,,,,,,,,
6/28/22,2,NCX,32,32,205,546,0.624,246,674,0.635,193,531,0.636,,,,,,,,,,,,
6/28/22,2,NCAA,32,32,234,693,0.662,228,698,0.673,211,618,0.658,,,,,,,,,,,,
6/28/22,2,NCW,32,32,315,780,0.596,242,748,0.676,203,559,0.636,,,,,,,,,,,,
6/28/22,2,MAW,32,32,161,188,0.143,148,196,0.244,180,222,0.189,,,,,,,,,,,,
6/28/22,2,MAY,32,32,134,237,0.434,75,119,0.369,98,172,0.43,,,,,,,,,,,,
6/28/22,2,MAV,32,32,81,158,0.487,43,93,0.537,47,103,0.543,,,,,,,,,,,,
6/28/22,2,MAX,32,32,102,123,0.17,169,240,0.295,147,299,0.508,,,,,,,,,,,,
6/28/22,2,MAAB,32,32,124,142,0.126,80,99,0.191,121,144,0.159,,,,,,,,,,,,
6/28/22,2,NCY,32,32,218,738,0.704,237,717,0.669,151,483,0.687,,,,,,,,,,,,
6/28/22,2,NCV,32,32,199,545,0.634,262,791,0.668,236,660,0.642,,,,,,,,,,,,
6/28/22,2,RIY,32,32,172,357,0.518,313,528,0.407,168,321,0.476,,,,,,,,,,,,
6/28/22,2,NCZ,32,32,258,729,0.646,237,685,0.654,170,498,0.658,,,,,,,,,,,,
6/28/22,2,RIZ,32,32,340,442,0.23,274,289,0.051,214,266,0.195,,,,,,,,,,,,
6/28/22,2,MAZ,32,32,144,301,0.521,222,450,0.506,238,543,0.561,,,,,,,,,,,,
7/5/22,2,MAQ,28,28,18,43,0.581,126,284,0.556,28,59,0.525,,,,,,,,,,,,
7/5/22,2,RIO,28,28,300,428,0.299,201,274,0.266,230,301,0.235,,,,,,,,,,,,
7/5/22,2,MAU,28,28,164,439,0.626,205,398,0.484,184,426,0.568,,,,,,,,,,,,
7/5/22,2,RIT,28,28,282,469,0.398,406,650,0.375,367,505,0.273,,,,,,,,,,,,
7/5/22,2,MAR,28,28,253,332,0.237,220,457,0.518,308,459,0.328,,,,,,,,,,,,
7/5/22,2,MAO,28,28,236,400,0.41,56,114,0.508,135,290,0.534,,,,,,,,,,,,
7/5/22,2,RIS,28,28,273,466,0.414,308,430,0.283,272,389,0.3,,,,,,,,,,,,
7/5/22,2,MAS,28,28,407,474,0.141,376,442,0.149,386,464,0.168,,,,,,,,,,,,
7/5/22,2,NCS,28,28,225,651,0.654,195,545,0.642,279,781,0.642,,,,,,,,,,,,
7/5/22,2,MAT,28,28,270,629,0.57,148,390,0.62,158,354,0.553,,,,,,,,,,,,
7/5/22,2,RIU,28,28,353,479,0.263,385,399,0.035,344,410,0.16,,,,,,,,,,,,
7/5/22,2,NCQ,28,28,192,591,0.675,251,774,0.675,199,610,0.673,,,,,,,,,,,,
7/5/22,2,RIQ,28,28,208,300,0.306,259,378,0.314,276,377,0.267,,,,,,,,,,,,
7/5/22,2,RIR,28,28,416,582,0.285,361,506,0.286,371,593,0.374,,,,,,,,,,,,
7/5/22,2,MAP,28,28,82,195,0.579,76,120,0.366,68,191,0.643,,,,,,,,,,,,
7/5/22,2,NCT,28,28,271,328,0.173,322,380,0.152,150,262,0.427,,,,,,,,,,,,
7/5/22,2,RIP,28,28,435,670,0.35,263,562,0.532,306,407,0.248,,,,,,,,,,,,
7/5/22,2,NCR,28,28,92,260,0.646,165,502,0.671,120,357,0.663,,,,,,,,,,,,
7/5/22,2,NCO,28,28,212,620,0.658,229,644,0.644,226,619,0.634,,,,,,,,,,,,
7/5/22,2,NCP,28,28,189,579,0.673,176,507,0.652,212,642,0.669,,,,,,,,,,,,
7/5/22,2,NCU,28,28,72,227,0.682,62,193,0.678,63,188,0.664,,,,,,,,,,,,
7/5/22,2,MAJ,22,22,204,240,0.15,198,247,0.198,211,479,0.559,,,,,,,,,,,,
7/5/22,2,RII,22,22,330,584,0.434,295,461,0.36,340,590,0.423,,,,,,,,,,,,
7/5/22,2,RIJ,22,22,335,466,0.281,244,355,0.312,323,432,0.252,,,,,,,,,,,,
7/5/22,2,NCI,22,22,210,593,0.645,198,597,0.668,243,644,0.622,,,,,,,,,,,,
7/5/22,2,MAL,22,22,173,398,0.565,161,377,0.572,117,311,0.623,,,,,,,,,,,,
7/5/22,2,MAK,22,22,139,203,0.315,151,221,0.316,132,231,0.428,,,,,,,,,,,,
7/5/22,2,MAI,22,22,51,97,0.474,71,165,0.569,74,174,0.574,,,,,,,,,,,,
7/5/22,2,NCM,22,22,208,620,0.664,220,642,0.657,227,703,0.677,,,,,,,,,,,,
7/5/22,2,NCL,22,22,29,53,0.452,26,64,0.593,88,191,0.539,,,,,,,,,,,,
7/5/22,2,NCH,22,22,259,663,0.609,283,718,0.605,267,705,0.621,,,,,,,,,,,,
7/5/22,2,RIL,22,22,264,343,0.23,230,263,0.125,408,615,0.336,,,,,,,,,,,,
7/5/22,2,NCJ,22,22,271,804,0.662,216,670,0.677,225,680,0.669,,,,,,,,,,,,
7/5/22,2,RIK,22,22,180,524,0.656,193,551,0.649,179,535,0.665,,,,,,,,,,,,
7/5/22,2,NCK,22,22,184,501,0.632,206,537,0.616,162,446,0.636,,,,,,,,,,,,
7/5/22,2,RIM,22,22,251,390,0.356,213,415,0.486,230,385,0.402,,,,,,,,,,,,
7/5/22,2,RIH,22,22,252,444,0.432,342,517,0.338,179,408,0.561,,,,,,,,,,,,
7/5/22,2,NCN,22,22,240,731,0.671,102,315,0.676,170,516,0.67,,,,,,,,,,,,
7/5/22,2,MAH,22,22,181,526,0.655,204,529,0.614,226,609,0.628,,,,,,,,,,,,
7/5/22,2,MAM,22,22,60,129,0.534,30,117,0.743,56,115,0.513,,,,,,,,,,,,
7/5/22,2,RIN,22,22,188,391,0.519,186,407,0.543,187,405,0.538,,,,,,,,,,,,
7/5/22,2,MAN,22,22,136,301,0.548,119,291,0.591,115,267,0.569,,,,,,,,,,,,
7/11/22,3,NCG,18,18,225,562,0.599,234,669,0.65,235,644,0.635,,,,,,,,,,,,
7/11/22,3,RIA,18,18,206,333,0.381,284,538,0.472,185,249,0.257,,,,,,,,,,,,
7/11/22,3,NCF,18,18,226,558,0.594,214,548,0.609,225,572,0.606,,,,,,,,,,,,
7/11/22,3,MAE,18,18,196,324,0.395,116,239,0.514,149,315,0.526,,,,,,,,,,,,
7/11/22,3,MAD,18,18,183,437,0.581,82,208,0.605,171,408,0.58,,,,,,,,,,,,
7/11/22,3,NCD,18,18,255,660,0.613,261,695,0.624,258,696,0.629,,,,,,,,,,,,
7/11/22,3,NCE,18,18,167,437,0.617,199,585,0.659,105,267,0.606,,,,,,,,,,,,
7/11/22,3,RIF,18,18,374,481,0.222,278,449,0.38,256,423,0.394,,,,,,,,,,,,
7/11/22,3,MAB,18,18,214,503,0.574,184,624,0.705,203,444,0.542,,,,,,,,,,,,
7/11/22,3,RIB,18,18,174,277,0.371,353,448,0.212,133,219,0.392,,,,,,,,,,,,
7/11/22,3,NCC,18,18,120,314,0.617,232,657,0.646,171,512,0.666,,,,,,,,,,,,
7/11/22,3,MAC,18,18,85,159,0.465,72,137,0.474,166,276,0.398,,,,,,,,,,,,
7/11/22,3,NIG,18,18,160,394,0.593,263,338,0.221,189,351,0.461,,,,,,,,,,,,
7/11/22,3,RIE,18,18,210,379,0.445,199,390,0.489,139,249,0.441,,,,,,,,,,,,
7/11/22,3,RIC,18,18,271,529,0.487,174,386,0.549,192,413,0.535,,,,,,,,,,,,
7/11/22,3,MAA,18,18,251,407,0.383,259,506,0.488,295,771,0.617,,,,,,,,,,,,
7/11/22,3,RIG,18,18,188,450,0.582,140,326,0.57,143,351,0.592,,,,,,,,,,,,
7/11/22,3,MAF,18,18,233,412,0.434,23,49,0.53,71,151,0.529,,,,,,,,,,,,
7/11/22,3,NCA,18,18,139,335,0.585,189,555,0.659,127,333,0.618,,,,,,,,,,,,
7/11/22,3,RID,18,18,372,530,0.298,161,273,0.41,166,266,0.375,,,,,,,,,,,,
7/11/22,3,NCB,18,18,142,379,0.625,86,257,0.665,138,436,0.683,,,,,,,,,,,,
7/11/22,3,MAZ,32,32,46,123,0.626,56,150,0.626,45,109,0.587,,,,,,,,,,,,
7/11/22,3,MAW,32,32,85,164,0.481,158,181,0.127,86,158,0.455,,,,,,,,,,,,
7/11/22,3,MAAB,32,32,38,83,0.542,22,51,0.568,28,79,0.645,,,,,,,,,,,,
7/11/22,3,MAAA,32,32,109,123,0.113,97,116,0.163,180,203,0.113,,,,,,,,,,,,
7/11/22,3,RIAB,32,32,207,210,0.014,155,157,0.012,155,157,0.012,,,,,,,,,,,,
7/11/22,3,NCV,32,32,278,805,0.654,329,723,0.544,232,627,0.629,,,,,,,,,,,,
7/11/22,3,MAV,32,32,59,127,0.535,27,84,0.678,15,60,0.75,,,,,,,,,,,,
7/11/22,3,NCAB,32,32,311,562,0.446,240,485,0.505,292,555,0.473,,,,,,,,,,,,
7/11/22,3,NCY,32,32,378,689,0.451,239,788,0.696,225,742,0.696,,,,,,,,,,,,
7/11/22,3,MAX,32,32,139,213,0.347,169,244,0.307,45,58,0.224,,,,,,,,,,,,
7/11/22,3,NCX,32,32,373,764,0.511,309,742,0.583,277,624,0.556,,,,,,,,,,,,
7/11/22,3,RIZ,32,32,14,49,0.714,24,55,0.563,20,69,0.71,,,,,,,,,,,,
7/11/22,3,NCZ,32,32,400,765,0.477,240,543,0.558,244,587,0.584,,,,,,,,,,,,
7/11/22,3,RIAA,32,32,222,226,0.017,308,366,0.158,373,416,0.103,,,,,,,,,,,,
7/11/22,3,RIY,32,32,183,187,0.021,146,160,0.087,146,160,0.087,,,,,,,,,,,,
7/11/22,3,MAY,32,32,132,150,0.12,37,72,0.486,82,112,0.267,,,,,,,,,,,,
7/11/22,3,RIX,32,32,34,48,0.291,197,200,0.015,197,200,0.015,,,,,,,,,,,,
7/11/22,3,RIW,32,32,58,141,0.588,69,173,0.601,52,134,0.611,,,,,,,,,,,,
7/11/22,3,NCAA,32,32,360,613,0.412,313,534,0.413,286,534,0.464,,,,,,,,,,,,
7/11/22,3,RIV,32,32,283,287,0.013,255,262,0.026,200,201,0.004,,,,,,,,,,,,
7/11/22,3,NCW,32,32,358,701,0.489,263,664,0.603,226,621,0.636,,,,,,,,,,,,
7/11/22,3,NCT,28,28,239,353,0.322,309,501,0.383,220,403,0.454,,,,,,,,,,,,
7/11/22,3,NCP,28,28,201,565,0.644,226,610,0.629,200,547,0.634,,,,,,,,,,,,
7/11/22,3,NCQ,28,28,217,663,0.672,238,711,0.665,203,655,0.69,,,,,,,,,,,,
7/11/22,3,RIR,28,28,400,605,0.338,324,650,0.501,325,511,0.363,,,,,,,,,,,,
7/11/22,3,NCS,28,28,226,680,0.667,193,568,0.66,214,632,0.661,,,,,,,,,,,,
7/11/22,3,MAO,28,28,211,419,0.496,39,120,0.675,95,209,0.545,,,,,,,,,,,,
7/11/22,3,MAS,28,28,423,614,0.311,435,647,0.327,83,184,0.548,,,,,,,,,,,,
7/11/22,3,MAT,28,28,227,497,0.543,193,540,0.642,255,571,0.553,,,,,,,,,,,,
7/11/22,3,RIP,28,28,396,664,0.403,386,684,0.435,247,516,0.521,,,,,,,,,,,,
7/11/22,3,MAR,28,28,255,478,0.466,238,481,0.505,317,470,0.325,,,,,,,,,,,,
7/11/22,3,NCR,28,28,130,385,0.662,137,438,0.687,135,440,0.693,,,,,,,,,,,,
7/11/22,3,RIS,28,28,480,562,0.145,345,413,0.164,320,378,0.153,,,,,,,,,,,,
7/11/22,3,RIU,28,28,361,431,0.162,367,419,0.124,314,413,0.239,,,,,,,,,,,,
7/11/22,3,NCO,28,28,232,650,0.643,183,529,0.654,215,609,0.646,,,,,,,,,,,,
7/11/22,3,RIQ,28,28,308,504,0.388,377,555,0.32,352,504,0.301,,,,,,,,,,,,
7/11/22,3,MAU,28,28,211,341,0.381,209,498,0.58,263,604,0.564,,,,,,,,,,,,
7/11/22,3,MAP,28,28,86,130,0.338,87,142,0.387,60,114,0.473,,,,,,,,,,,,
7/11/22,3,NCU,28,28,154,449,0.657,143,416,0.656,128,375,0.658,,,,,,,,,,,,
7/11/22,3,MAQ,28,28,155,286,0.458,53,117,0.547,160,353,0.546,,,,,,,,,,,,
7/11/22,3,RIO,28,28,360,528,0.318,370,496,0.254,296,553,0.464,,,,,,,,,,,,
7/11/22,3,RIT,28,28,551,774,0.288,458,657,0.302,249,441,0.435,,,,,,,,,,,,
7/11/22,3,RIL,22,22,362,386,0.062,146,202,0.277,388,537,0.277,,,,,,,,,,,,
7/11/22,3,MAM,22,22,44,157,0.719,57,154,0.629,123,272,0.547,,,,,,,,,,,,
7/11/22,3,NCK,22,22,214,576,0.628,146,409,0.643,163,424,0.615,,,,,,,,,,,,
7/11/22,3,NCJ,22,22,224,702,0.68,200,671,0.701,191,627,0.695,,,,,,,,,,,,
7/11/22,3,RIK,22,22,248,827,0.7,159,479,0.668,255,786,0.675,,,,,,,,,,,,
7/11/22,3,RIN,22,22,150,308,0.512,90,187,0.518,89,181,0.508,,,,,,,,,,,,
7/11/22,3,MAH,22,22,159,474,0.664,189,508,0.627,189,531,0.644,,,,,,,,,,,,
7/11/22,3,NCN,22,22,178,520,0.657,246,693,0.645,205,582,0.647,,,,,,,,,,,,
7/11/22,3,NCH,22,22,281,729,0.614,235,648,0.637,221,643,0.656,,,,,,,,,,,,
7/11/22,3,MAI,22,22,74,151,0.509,108,249,0.566,88,211,0.582,,,,,,,,,,,,
7/11/22,3,RII,22,22,407,745,0.453,367,690,0.468,333,617,0.46,,,,,,,,,,,,
7/11/22,3,RIM,22,22,223,451,0.505,249,403,0.382,320,588,0.455,,,,,,,,,,,,
7/11/22,3,NCL,22,22,49,80,0.387,42,97,0.567,218,566,0.614,,,,,,,,,,,,
7/11/22,3,RIJ,22,22,291,501,0.419,125,258,0.515,268,470,0.429,,,,,,,,,,,,
7/11/22,3,MAJ,22,22,194,391,0.503,169,286,0.409,125,245,0.489,,,,,,,,,,,,
7/11/22,3,MAL,22,22,170,444,0.617,205,582,0.647,77,180,0.572,,,,,,,,,,,,
7/11/22,3,MAK,22,22,249,356,0.3,28,113,0.752,219,314,0.302,,,,,,,,,,,,
7/11/22,3,RIH,22,22,172,354,0.514,257,625,0.588,278,541,0.486,,,,,,,,,,,,
7/11/22,3,NCI,22,22,268,704,0.619,191,531,0.64,233,695,0.664,,,,,,,,,,,,
7/11/22,3,NCM,22,22,215,592,0.636,243,690,0.647,175,471,0.628,,,,,,,,,,,,
7/11/22,3,MAN,22,22,102,218,0.532,151,408,0.629,80,189,0.576,,,,,,,,,,,,
7/19/22,4,NCF,18,18,220,560,0.607,212,539,0.606,192,516,0.627,,,,,,,,,,,,
7/19/22,4,NCG,18,18,221,586,0.622,212,591,0.641,202,575,0.648,,,,,,,,,,,,
7/19/22,4,MAD,18,18,127,298,0.573,129,306,0.578,140,328,0.573,,,,,,,,,,,,
7/19/22,4,NCA,18,18,154,470,0.672,128,395,0.675,127,394,0.677,,,,,,,,,,,,
7/19/22,4,MAG,18,18,118,277,0.574,164,381,0.569,219,457,0.52,,,,,,,,,,,,
7/19/22,4,MAC,18,18,92,128,0.281,133,322,0.586,190,555,0.657,,,,,,,,,,,,
7/19/22,4,RIE,18,18,94,159,0.408,104,187,0.443,154,230,0.33,,,,,,,,,,,,
7/19/22,4,NCE,18,18,170,488,0.651,162,474,0.658,242,728,0.667,,,,,,,,,,,,
7/19/22,4,RIC,18,18,200,374,0.465,298,637,0.532,174,427,0.592,,,,,,,,,,,,
7/19/22,4,MAA,18,18,128,310,0.587,263,690,0.618,196,476,0.588,,,,,,,,,,,,
7/19/22,4,RIF,18,18,295,450,0.344,243,502,0.515,294,459,0.359,,,,,,,,,,,,
7/19/22,4,RID,18,18,337,567,0.405,268,531,0.495,127,227,0.44,,,,,,,,,,,,
7/19/22,4,NCC,18,18,185,516,0.641,219,655,0.665,210,624,0.663,,,,,,,,,,,,
7/19/22,4,RIB,18,18,233,436,0.465,355,681,0.478,183,331,0.447,,,,,,,,,,,,
7/19/22,4,NCD,18,18,239,668,0.642,227,631,0.64,252,714,0.647,,,,,,,,,,,,
7/19/22,4,RIG,18,18,104,234,0.555,172,381,0.548,96,209,0.54,,,,,,,,,,,,
7/19/22,4,MAB,18,18,176,351,0.498,230,507,0.546,188,369,0.49,,,,,,,,,,,,
7/19/22,4,MAE,18,18,178,331,0.462,131,296,0.557,172,325,0.47,,,,,,,,,,,,
7/19/22,4,RIA,18,18,182,247,0.263,165,343,0.518,376,415,0.093,,,,,,,,,,,,
7/19/22,4,MAF,18,18,266,538,0.505,43,95,0.547,168,373,0.549,,,,,,,,,,,,
7/19/22,4,NCB,18,18,230,635,0.637,185,532,0.652,149,447,0.666,,,,,,,,,,,,
7/19/22,4,MAAA,32,32,65,94,0.308,61,84,0.273,53,89,0.404,,,,,,,,,,,,
7/19/22,4,RIY,32,32,44,53,0.169,55,64,0.14,45,53,0.15,,,,,,,,,,,,
7/19/22,4,RIL,32,32,14,59,0.762,21,63,0.666,22,71,0.69,,,,,,,,,,,,
7/19/22,4,RIW,32,32,62,137,0.547,91,197,0.538,68,96,0.291,,,,,,,,,,,,
7/19/22,4,MAX,32,32,34,74,0.54,117,125,0.064,71,78,0.089,,,,,,,,,,,,
7/19/22,4,NCX,32,32,245,510,0.519,309,634,0.512,226,637,0.645,,,,,,,,,,,,
7/19/22,4,MAV,32,32,37,107,0.654,36,121,0.702,34,84,0.595,,,,,,,,,,,,
7/19/22,4,NCZ,32,32,454,667,0.319,365,628,0.418,354,571,0.38,,,,,,,,,,,,
7/19/22,4,MAAB,32,32,17,34,0.5,31,108,0.712,16,65,0.753,,,,,,,,,,,,
7/19/22,4,MAZ,32,32,33,87,0.62,54,125,0.568,51,136,0.625,,,,,,,,,,,,
7/19/22,4,NCAB,32,32,328,527,0.377,305,501,0.391,275,458,0.399,,,,,,,,,,,,
7/19/22,4,MAY,32,32,46,58,0.206,65,100,0.35,66,115,0.426,,,,,,,,,,,,
7/19/22,4,NCV,32,32,301,806,0.626,282,627,0.55,275,633,0.565,,,,,,,,,,,,
7/19/22,4,NCW,32,32,391,725,0.46,346,636,0.455,274,701,0.609,,,,,,,,,,,,
7/19/22,4,RIAB,32,32,73,77,0.051,50,57,0.122,69,80,0.137,,,,,,,,,,,,
7/19/22,4,RIX,32,32,99,102,0.029,72,79,0.088,19,36,0.472,,,,,,,,,,,,
7/19/22,4,MAW,32,32,121,124,0.024,90,137,0.343,50,72,0.305,,,,,,,,,,,,
7/19/22,4,RIV,32,32,60,70,0.142,30,42,0.285,57,64,0.109,,,,,,,,,,,,
7/19/22,4,NCAA,32,32,372,562,0.338,244,500,0.512,318,590,0.461,,,,,,,,,,,,
7/19/22,4,NCY,32,32,481,785,0.387,264,774,0.658,295,689,0.571,,,,,,,,,,,,
7/19/22,4,RIAA,32,32,259,278,0.068,156,163,0.042,249,332,0.25,,,,,,,,,,,,
7/22/22,4,RIO,28,28,223,343,0.349,244,408,0.401,235,394,0.403,,,,,,,,,,,,
7/22/22,4,MAP,28,28,114,222,0.486,112,280,0.6,122,283,0.568,,,,,,,,,,,,
7/22/22,4,MAU,28,28,210,549,0.617,195,485,0.597,183,482,0.62,,,,,,,,,,,,
7/22/22,4,NCT,28,28,252,407,0.38,266,459,0.42,216,338,0.36,,,,,,,,,,,,
7/22/22,4,MAO,28,28,184,403,0.543,135,308,0.561,158,374,0.577,,,,,,,,,,,,
7/22/22,4,MAR,28,28,271,524,0.482,215,383,0.438,223,403,0.446,,,,,,,,,,,,
7/22/22,4,NCS,28,28,233,789,0.704,208,668,0.688,204,677,0.698,,,,,,,,,,,,
7/22/22,4,MAQ,28,28,93,189,0.507,169,435,0.611,119,293,0.593,,,,,,,,,,,,
7/22/22,4,RIQ,28,28,313,489,0.359,271,453,0.401,347,489,0.29,,,,,,,,,,,,
7/22/22,4,RIR,28,28,391,613,0.362,278,585,0.524,329,534,0.383,,,,,,,,,,,,
7/22/22,4,NCR,28,28,158,529,0.701,95,283,0.664,195,658,0.703,,,,,,,,,,,,
7/22/22,4,NCU,28,28,193,560,0.655,187,600,0.688,208,633,0.671,,,,,,,,,,,,
7/22/22,4,RIP,28,28,141,265,0.467,496,750,0.338,409,667,0.386,,,,,,,,,,,,
7/22/22,4,MAS,28,28,439,603,0.271,341,489,0.302,302,402,0.248,,,,,,,,,,,,
7/22/22,4,NCQ,28,28,262,772,0.66,276,881,0.686,229,748,0.693,,,,,,,,,,,,
7/22/22,4,RIU,28,28,377,445,0.152,324,430,0.246,285,339,0.159,,,,,,,,,,,,
7/22/22,4,RIS,28,28,403,521,0.226,436,490,0.11,381,445,0.143,,,,,,,,,,,,
7/22/22,4,MAT,28,28,219,513,0.573,210,589,0.643,239,558,0.571,,,,,,,,,,,,
7/22/22,4,NCO,28,28,231,659,0.649,294,843,0.651,187,574,0.674,,,,,,,,,,,,
7/22/22,4,RIT,28,28,277,480,0.422,462,704,0.343,311,509,0.389,,,,,,,,,,,,
7/22/22,4,NCP,28,28,236,659,0.641,208,584,0.643,200,576,0.652,,,,,,,,,,,,
7/22/22,4,MAK,22,22,147,318,0.537,134,271,0.505,239,573,0.582,,,,,,,,,,,,
7/22/22,4,MAJ,22,22,215,308,0.301,193,448,0.569,252,690,0.634,,,,,,,,,,,,
7/22/22,4,RIN,22,22,187,399,0.531,179,440,0.593,95,235,0.595,,,,,,,,,,,,
7/22/22,4,RII,22,22,527,671,0.214,383,646,0.407,349,597,0.415,,,,,,,,,,,,
7/22/22,4,NCM,22,22,251,783,0.679,232,628,0.63,235,768,0.694,,,,,,,,,,,,
7/22/22,4,MAI,22,22,86,206,0.582,109,284,0.616,151,362,0.582,,,,,,,,,,,,
7/22/22,4,RIK,22,22,235,682,0.655,278,730,0.619,197,615,0.679,,,,,,,,,,,,
7/22/22,4,RIH,22,22,285,628,0.546,332,654,0.492,191,380,0.497,,,,,,,,,,,,
7/22/22,4,NCH,22,22,275,729,0.622,289,856,0.662,271,709,0.617,,,,,,,,,,,,
7/22/22,4,MAL,22,22,148,362,0.591,177,484,0.634,171,379,0.548,,,,,,,,,,,,
7/22/22,4,NCI,22,22,240,674,0.643,226,709,0.681,201,603,0.666,,,,,,,,,,,,
7/22/22,4,NCK,22,22,204,541,0.622,216,625,0.654,264,729,0.637,,,,,,,,,,,,
7/22/22,4,RIJ,22,22,323,544,0.406,349,544,0.358,313,565,0.446,,,,,,,,,,,,
7/22/22,4,RIM,22,22,264,501,0.473,267,539,0.504,326,615,0.469,,,,,,,,,,,,
7/22/22,4,NCJ,22,22,261,739,0.646,209,669,0.687,226,735,0.692,,,,,,,,,,,,
7/22/22,4,NCN,22,22,202,605,0.666,235,726,0.676,208,683,0.695,,,,,,,,,,,,
7/22/22,4,MAN,22,22,197,372,0.47,144,348,0.586,172,422,0.592,,,,,,,,,,,,
7/22/22,4,MAM,22,22,59,195,0.697,74,192,0.614,79,226,0.65,,,,,,,,,,,,
7/22/22,4,MAH,22,22,195,587,0.667,168,494,0.659,192,599,0.679,,,,,,,,,,,,
7/22/22,4,NCL,22,22,157,393,0.6,74,145,0.489,214,534,0.599,,,,,,,,,,,,
7/22/22,4,RIL,22,22,335,406,0.174,579,720,0.195,349,527,0.337,,,,,,,,,,,,
7/26/22,5,RIC,18,18,233,380,0.386,215,288,0.253,279,658,0.575,,,,,,,,,,,,
7/26/22,5,MAF,18,18,255,634,0.597,87,228,0.618,150,333,0.549,,,,,,,,,,,,
7/26/22,5,RID,18,18,294,543,0.458,166,374,0.556,234,539,0.565,,,,,,,,,,,,
7/26/22,5,NCA,18,18,108,332,0.674,104,315,0.669,204,663,0.692,,,,,,,,,,,,
7/26/22,5,NCE,18,18,224,675,0.668,198,553,0.641,163,452,0.639,,,,,,,,,,,,
7/26/22,5,NCC,18,18,148,439,0.662,178,544,0.672,201,617,0.674,,,,,,,,,,,,
7/26/22,5,MAA,18,18,408,654,0.376,264,688,0.616,274,502,0.454,,,,,,,,,,,,
7/26/22,5,NCD,18,18,243,644,0.622,238,614,0.612,197,538,0.633,,,,,,,,,,,,
7/26/22,5,RIF,18,18,209,372,0.438,190,377,0.496,242,505,0.52,,,,,,,,,,,,
7/26/22,5,NCB,18,18,219,671,0.673,199,645,0.691,144,482,0.701,,,,,,,,,,,,
7/26/22,5,MAG,18,18,341,500,0.318,172,413,0.583,190,373,0.49,,,,,,,,,,,,
7/26/22,5,MAB,18,18,243,529,0.54,123,333,0.63,236,570,0.585,,,,,,,,,,,,
7/26/22,5,MAE,18,18,211,453,0.534,175,394,0.555,182,354,0.485,,,,,,,,,,,,
7/26/22,5,MAC,18,18,134,309,0.566,101,228,0.557,197,336,0.413,,,,,,,,,,,,
7/26/22,5,RIB,18,18,235,353,0.334,363,694,0.476,265,449,0.409,,,,,,,,,,,,
7/26/22,5,RIE,18,18,222,397,0.44,165,281,0.412,149,296,0.496,,,,,,,,,,,,
7/26/22,5,NCG,18,18,248,690,0.64,238,685,0.652,219,626,0.65,,,,,,,,,,,,
7/26/22,5,NCF,18,18,250,643,0.611,231,651,0.645,195,525,0.628,,,,,,,,,,,,
7/26/22,5,RIG,18,18,152,280,0.457,77,189,0.592,154,325,0.526,,,,,,,,,,,,
7/26/22,5,RIA,18,18,168,259,0.351,180,387,0.534,203,401,0.493,,,,,,,,,,,,
7/26/22,5,MAD,18,18,149,358,0.583,157,388,0.595,150,359,0.582,,,,,,,,,,,,
7/26/22,5,RIZ,32,32,34,57,0.403,51,88,0.42,38,61,0.377,,,,,,,,,,,,
7/26/22,5,MAZ,32,32,60,134,0.552,50,102,0.509,84,176,0.522,,,,,,,,,,,,
7/26/22,5,NCZ,32,32,488,627,0.221,430,582,0.261,409,575,0.288,,,,,,,,,,,,
7/26/22,5,NCV,32,32,258,664,0.611,219,712,0.692,213,636,0.665,,,,,,,,,,,,
7/26/22,5,RIY,32,32,32,46,0.304,24,41,0.414,59,65,0.092,,,,,,,,,,,,
7/26/22,5,MAV,32,32,33,109,0.697,48,155,0.69,32,90,0.644,,,,,,,,,,,,
7/26/22,5,NCAB,32,32,279,471,0.407,190,459,0.586,258,481,0.463,,,,,,,,,,,,
7/26/22,5,RIAA,32,32,96,121,0.206,220,315,0.301,191,212,0.099,,,,,,,,,,,,
7/26/22,5,MAY,32,32,28,44,0.363,33,65,0.492,59,126,0.531,,,,,,,,,,,,
7/26/22,5,NCX,32,32,200,458,0.563,208,565,0.631,178,428,0.584,,,,,,,,,,,,
7/26/22,5,RIX,32,32,28,41,0.317,19,46,0.586,37,58,0.362,,,,,,,,,,,,
7/26/22,5,NCW,32,32,340,689,0.506,251,654,0.616,392,735,0.466,,,,,,,,,,,,
7/26/22,5,MAAB,32,32,25,41,0.39,47,90,0.477,39,110,0.645,,,,,,,,,,,,
7/26/22,5,MAAA,32,32,20,35,0.428,44,66,0.333,33,60,0.45,,,,,,,,,,,,
7/26/22,5,RIW,32,32,45,114,0.605,53,149,0.644,57,124,0.54,,,,,,,,,,,,
7/26/22,5,NCAA,32,32,280,571,0.509,303,546,0.445,283,483,0.414,,,,,,,,,,,,
7/26/22,5,NCY,32,32,240,720,0.666,390,659,0.408,377,783,0.518,,,,,,,,,,,,
7/26/22,5,RIAB,32,32,35,47,0.255,52,60,0.133,75,91,0.175,,,,,,,,,,,,
7/26/22,5,MAW,32,32,70,134,0.477,83,149,0.442,98,154,0.363,,,,,,,,,,,,
7/26/22,5,MAX,32,32,38,90,0.577,37,70,0.471,91,109,0.165,,,,,,,,,,,,
7/26/22,5,RIV,32,32,23,39,0.41,20,38,0.473,33,58,0.431,,,,,,,,,,,,
7/26/22,5,MAU,28,28,187,497,0.623,239,574,0.583,184,442,0.583,,,,,,,,,,,,
7/26/22,5,RIT,28,28,394,640,0.384,397,602,0.34,243,424,0.426,,,,,,,,,,,,
7/26/22,5,NCQ,28,28,275,915,0.699,223,750,0.702,289,898,0.678,,,,,,,,,,,,
7/26/22,5,RIP,28,28,385,667,0.422,437,780,0.439,377,710,0.469,,,,,,,,,,,,
7/26/22,5,MAT,28,28,246,619,0.602,224,554,0.595,230,573,0.598,,,,,,,,,,,,
7/26/22,5,MAP,28,28,114,263,0.566,107,254,0.578,112,262,0.572,,,,,,,,,,,,
7/26/22,5,NCP,28,28,214,692,0.69,220,667,0.67,207,621,0.666,,,,,,,,,,,,
7/26/22,5,NCO,28,28,213,705,0.697,264,759,0.652,199,649,0.693,,,,,,,,,,,,
7/26/22,5,RIU,28,28,346,467,0.259,179,285,0.371,357,533,0.33,,,,,,,,,,,,
7/26/22,5,MAQ,28,28,88,177,0.502,143,292,0.51,118,249,0.526,,,,,,,,,,,,
7/26/22,5,RIS,28,28,373,456,0.182,295,520,0.432,383,491,0.219,,,,,,,,,,,,
7/26/22,5,NCT,28,28,263,529,0.502,277,503,0.449,278,588,0.527,,,,,,,,,,,,
7/26/22,5,MAO,28,28,167,340,0.508,117,259,0.548,130,287,0.547,,,,,,,,,,,,
7/26/22,5,MAS,28,28,291,422,0.31,266,413,0.355,298,447,0.333,,,,,,,,,,,,
7/26/22,5,RIO,28,28,204,339,0.398,229,429,0.466,196,332,0.409,,,,,,,,,,,,
7/26/22,5,RIQ,28,28,255,486,0.475,232,450,0.484,243,449,0.458,,,,,,,,,,,,
7/26/22,5,NCS,28,28,243,748,0.675,164,540,0.696,205,690,0.702,,,,,,,,,,,,
7/26/22,5,RIR,28,28,353,672,0.474,252,523,0.518,189,413,0.542,,,,,,,,,,,,
7/26/22,5,MAR,28,28,197,340,0.42,263,492,0.465,250,514,0.513,,,,,,,,,,,,
7/26/22,5,NCR,28,28,119,382,0.688,138,467,0.704,189,637,0.703,,,,,,,,,,,,
7/26/22,5,NCU,28,28,260,778,0.665,202,618,0.673,237,733,0.676,,,,,,,,,,,,
7/26/22,5,RIM,22,22,371,404,0.081,343,478,0.282,379,542,0.3,,,,,,,,,,,,
7/26/22,5,MAM,22,22,51,134,0.619,79,225,0.648,82,209,0.607,,,,,,,,,,,,
7/26/22,5,MAJ,22,22,160,380,0.578,267,541,0.506,212,533,0.602,,,,,,,,,,,,
7/26/22,5,MAH,22,22,180,582,0.69,138,449,0.692,180,555,0.675,,,,,,,,,,,,
7/26/22,5,RIJ,22,22,346,620,0.441,381,579,0.341,277,569,0.513,,,,,,,,,,,,
7/26/22,5,RIL,22,22,342,496,0.31,346,650,0.467,275,484,0.431,,,,,,,,,,,,
7/26/22,5,RIK,22,22,207,639,0.676,170,577,0.705,176,561,0.686,,,,,,,,,,,,
7/26/22,5,MAI,22,22,92,206,0.553,86,191,0.549,133,335,0.602,,,,,,,,,,,,
7/26/22,5,NCL,22,22,140,354,0.604,95,206,0.538,87,224,0.611,,,,,,,,,,,,
7/26/22,5,RII,22,22,379,693,0.453,363,805,0.549,326,727,0.551,,,,,,,,,,,,
7/26/22,5,MAN,22,22,123,314,0.608,105,284,0.63,127,318,0.6,,,,,,,,,,,,
7/26/22,5,NCI,22,22,217,656,0.669,230,701,0.671,157,521,0.698,,,,,,,,,,,,
7/26/22,5,RIH,22,22,158,357,0.557,179,433,0.586,126,280,0.55,,,,,,,,,,,,
7/26/22,5,NCM,22,22,226,672,0.663,241,765,0.684,180,568,0.683,,,,,,,,,,,,
7/26/22,5,NCN,22,22,234,759,0.691,203,603,0.663,237,740,0.679,,,,,,,,,,,,
7/26/22,5,NCK,22,22,243,670,0.637,261,733,0.643,239,655,0.635,,,,,,,,,,,,
7/26/22,5,NCH,22,22,243,648,0.625,243,683,0.644,193,567,0.659,,,,,,,,,,,,
7/26/22,5,RIH,22,22,288,615,0.531,261,533,0.51,112,231,0.515,,,,,,,,,,,,
7/26/22,5,MAK,22,22,311,500,0.378,153,281,0.455,276,454,0.392,,,,,,,,,,,,
7/26/22,5,NCJ,22,22,240,710,0.661,180,563,0.68,225,693,0.675,,,,,,,,,,,,
7/26/22,5,MAL,22,22,170,381,0.553,168,363,0.537,167,500,0.666,,,,,,,,,,,,
8/1/22,6,NCAB,32,32,242,396,0.388,185,340,0.455,195,365,0.465,,,,,,,,,,,,
8/1/22,6,RIAB,32,32,30,43,0.302,44,57,0.228,36,52,0.307,,,,,,,,,,,,
8/1/22,6,NCAA,32,32,304,545,0.442,223,453,0.507,193,487,0.603,,,,,,,,,,,,
8/1/22,6,MAZ,32,32,61,140,0.564,80,186,0.569,60,142,0.577,,,,,,,,,,,,
8/2/22,6,NCZ,32,32,267,344,0.223,189,298,0.365,336,399,0.157,,,,,,,,,,,,
8/2/22,6,MAY,32,32,19,39,0.512,60,103,0.417,64,111,0.423,,,,,,,,,,,,
8/2/22,6,NCX,32,32,345,525,0.342,189,472,0.599,251,605,0.585,,,,,,,,,,,,
8/2/22,6,RIY,32,32,36,49,0.265,25,39,0.358,22,36,0.388,,,,,,,,,,,,
8/2/22,6,MAAB,32,32,424,562,0.245,31,42,0.261,356,519,0.314,,,,,,,,,,,,
8/2/22,6,NCW,32,32,319,635,0.497,334,537,0.378,313,518,0.395,,,,,,,,,,,,
8/2/22,6,MAW,32,32,62,74,0.162,66,90,0.266,63,109,0.422,,,,,,,,,,,,
8/2/22,6,RIW,32,32,130,294,0.557,133,304,0.562,86,200,0.57,,,,,,,,,,,,
8/3/22,6,RIAA,32,32,35,74,0.527,38,84,0.547,33,72,0.541,,,,,,,,,,,,
8/3/22,6,MAX,32,32,19,47,0.595,26,63,0.587,14,40,0.65,,,,,,,,,,,,
8/3/22,6,NCV,32,32,259,696,0.627,275,754,0.635,215,468,0.54,,,,,,,,,,,,
8/3/22,6,NCY,32,32,70,81,0.135,64,89,0.28,163,251,0.35,,,,,,,,,,,,
8/3/22,6,RIV,32,32,11,32,0.656,20,41,0.512,11,32,0.656,,,,,,,,,,,,
8/4/22,6,RIX,32,32,33,57,0.421,24,42,0.428,23,47,0.51,,,,,,,,,,,,
8/4/22,6,RIZ,32,32,59,92,0.358,51,79,0.354,40,88,0.545,,,,,,,,,,,,
8/4/22,6,MAV,32,32,46,109,0.577,54,151,0.642,61,163,0.625,,,,,,,,,,,,
8/4/22,6,MAAA,32,32,105,156,0.326,86,150,0.426,27,54,0.5,,,,,,,,,,,,
8/4/22,6,MAP,28,28,136,302,0.549,148,274,0.459,125,299,0.581,,,,,,,,,,,,
8/4/22,6,RIT,28,28,320,583,0.451,297,494,0.398,317,615,0.484,,,,,,,,,,,,
8/4/22,6,NCP,28,28,273,567,0.518,215,566,0.62,202,532,0.62,,,,,,,,,,,,
8/4/22,6,MAQ,28,28,219,426,0.485,226,468,0.517,136,303,0.551,,,,,,,,,,,,
8/4/22,6,NCO,28,28,223,615,0.637,206,576,0.642,201,632,0.681,,,,,,,,,,,,
8/4/22,6,NCR,28,28,152,451,0.662,158,434,0.635,139,445,0.687,,,,,,,,,,,,
8/4/22,6,RIO,28,28,425,609,0.302,350,579,0.395,189,352,0.463,,,,,,,,,,,,
8/4/22,6,NCS,28,28,290,722,0.598,272,781,0.651,272,781,0.651,,,,,,,,,,,,
8/5/22,6,NCQ,28,28,286,870,0.671,217,706,0.692,205,636,0.677,,,,,,,,,,,,
8/5/22,6,RIU,28,28,353,379,0.068,283,389,0.272,190,311,0.389,,,,,,,,,,,,
8/5/22,6,MAO,28,28,164,396,0.585,213,385,0.446,175,423,0.586,,,,,,,,,,,,
8/5/22,6,RIP,28,28,254,483,0.474,353,721,0.51,316,720,0.561,,,,,,,,,,,,
8/5/22,6,NCT,28,28,249,375,0.336,265,463,0.427,387,491,0.211,,,,,,,,,,,,
8/5/22,6,RIQ,28,28,250,443,0.435,279,423,0.34,242,461,0.475,,,,,,,,,,,,
8/5/22,6,MAU,28,28,247,614,0.597,212,531,0.6,216,440,0.509,,,,,,,,,,,,
8/5/22,6,RIR,28,28,324,536,0.395,299,556,0.462,283,572,0.505,,,,,,,,,,,,
8/5/22,6,MAS,28,28,437,550,0.205,405,551,0.264,465,637,0.27,,,,,,,,,,,,
8/5/22,6,NCU,28,28,221,511,0.567,252,624,0.596,241,506,0.523,,,,,,,,,,,,
8/5/22,6,RIS,28,28,254,703,0.638,175,598,0.707,112,385,0.709,,,,,,,,,,,,
8/5/22,6,MAR,28,28,369,584,0.368,300,435,0.31,266,327,0.186,,,,,,,,,,,,
8/5/22,6,MAT,28,28,252,423,0.404,212,324,0.345,192,340,0.435,,,,,,,,,,,,
8/6/22,6,MAH,22,22,177,577,0.693,153,500,0.694,123,418,0.705,,,,,,,,,,,,
8/6/22,6,NCN,22,22,216,626,0.654,232,660,0.648,202,685,0.705,,,,,,,,,,,,
8/6/22,6,MAJ,22,22,331,346,0.043,362,410,0.117,285,425,0.329,,,,,,,,,,,,
8/6/22,6,MAN,22,22,136,336,0.595,113,279,0.594,144,347,0.585,,,,,,,,,,,,
8/6/22,6,NCK,22,22,108,297,0.636,110,299,0.632,259,696,0.627,,,,,,,,,,,,
8/6/22,6,RII,22,22,410,773,0.469,328,471,0.303,333,637,0.477,,,,,,,,,,,,
8/6/22,6,NCJ,22,22,231,645,0.641,199,619,0.678,204,661,0.691,,,,,,,,,,,,
8/6/22,6,MAL,22,22,218,574,0.62,133,343,0.612,103,286,0.639,,,,,,,,,,,,
8/6/22,6,RIM,22,22,240,520,0.538,545,598,0.088,186,354,0.474,,,,,,,,,,,,
8/6/22,6,NCH,22,22,280,720,0.611,235,686,0.657,383,782,0.51,,,,,,,,,,,,
8/6/22,6,RIJ,22,22,343,621,0.447,264,437,0.395,323,504,0.359,,,,,,,,,,,,
8/6/22,6,NCM,22,22,165,570,0.71,136,436,0.688,231,738,0.686,,,,,,,,,,,,
8/7/22,6,RIL,22,22,346,567,0.389,225,478,0.529,342,696,0.508,,,,,,,,,,,,
8/7/22,6,RIH,22,22,271,606,0.552,219,457,0.52,272,527,0.483,,,,,,,,,,,,
8/7/22,6,MAI,22,22,218,574,0.62,133,343,0.612,103,286,0.639,,,,,,,,,,,,
8/7/22,6,MAK,22,22,214,417,0.486,202,470,0.57,211,531,0.602,,,,,,,,,,,,
8/7/22,6,MAM,22,22,103,241,0.572,79,211,0.625,171,527,0.675,,,,,,,,,,,,
8/7/22,6,MAB,18,18,183,491,0.627,216,484,0.553,232,743,0.687,,,,,,,,,,,,
8/7/22,6,RIG,18,18,164,335,0.51,222,499,0.555,102,309,0.669,,,,,,,,,,,,
8/7/22,6,RIE,18,18,227,517,0.56,173,324,0.466,174,482,0.639,,,,,,,,,,,,
8/7/22,6,MAA,18,18,329,656,0.498,239,588,0.593,221,626,0.646,,,,,,,,,,,,
8/7/22,6,NCG,18,18,279,656,0.574,235,698,0.663,189,555,0.659,,,,,,,,,,,,
8/7/22,6,NCE,18,18,244,696,0.649,252,738,0.658,239,745,0.679,,,,,,,,,,,,
8/7/22,6,MAC,18,18,217,416,0.478,177,406,0.564,128,301,0.574,,,,,,,,,,,,
8/7/22,6,RIF,18,18,270,524,0.484,178,393,0.547,261,506,0.484,,,,,,,,,,,,
8/7/22,6,NCD,18,18,216,588,0.632,217,597,0.636,211,580,0.636,,,,,,,,,,,,
8/8/22,6,NCK,22,22,133,360,0.63,165,478,0.654,231,637,0.637,,,,,,,,,,,,
8/8/22,6,RIK,22,22,212,571,0.628,199,648,0.692,169,493,0.657,,,,,,,,,,,,
8/8/22,6,NCL,22,22,161,408,0.605,180,378,0.523,106,308,0.655,,,,,,,,,,,,
8/8/22,6,RIN,22,22,135,338,0.6,191,523,0.634,174,362,0.519,,,,,,,,,,,,
8/8/22,6,NCI,22,22,182,537,0.661,147,456,0.677,224,666,0.663,,,,,,,,,,,,
8/8/22,6,NCA,18,18,185,542,0.658,141,467,0.698,111,368,0.698,,,,,,,,,,,,
8/8/22,6,RID,18,18,276,537,0.486,299,627,0.523,222,541,0.589,,,,,,,,,,,,
8/8/22,6,RIA,18,18,229,381,0.398,135,280,0.517,87,217,0.599,,,,,,,,,,,,
8/8/22,6,MAD,18,18,195,422,0.537,180,490,0.632,89,258,0.655,,,,,,,,,,,,
8/8/22,6,NCB,18,18,207,654,0.683,177,555,0.681,178,592,0.699,,,,,,,,,,,,
8/9/22,6,MAF,18,18,211,444,0.524,226,502,0.549,117,341,0.656,,,,,,,,,,,,
8/9/22,6,NCC,18,18,143,481,0.702,160,552,0.71,184,622,0.704,,,,,,,,,,,,
8/9/22,6,RIC,18,18,292,674,0.566,242,486,0.502,136,290,0.531,,,,,,,,,,,,
8/9/22,6,MAE,18,18,225,387,0.418,189,481,0.607,171,446,0.616,,,,,,,,,,,,
8/9/22,6,RIB,18,18,200,379,0.472,254,506,0.498,155,492,0.684,,,,,,,,,,,,
8/9/22,6,NCF,18,18,219,530,0.586,220,621,0.645,210,539,0.61,,,,,,,,,,,,
8/9/22,6,MAG,18,18,193,450,0.571,189,533,0.645,267,594,0.55,,,,,,,,,,,,
8/9/22,7,NCL,22,18,103,207,0.502,195,534,0.634,127,262,0.515,,,,,,,,,,,,
8/9/22,7,RII,22,18,341,554,0.384,326,618,0.472,335,671,0.5,,,,,,,,,,,,
8/9/22,7,MAL,22,18,206,560,0.632,153,384,0.601,159,429,0.629,,,,,,,,,,,,
8/9/22,7,NCJ,22,18,219,676,0.676,171,591,0.71,187,620,0.698,,,,,,,,,,,,
8/9/22,7,NCN,22,18,218,755,0.711,171,581,0.705,220,732,0.699,,,,,,,,,,,,
8/9/22,7,MAH,22,18,175,557,0.685,175,561,0.688,132,439,0.699,,,,,,,,,,,,
8/9/22,7,MAJ,22,18,309,637,0.514,284,568,0.5,143,270,0.47,,,,,,,,,,,,
8/9/22,7,MAN,22,18,114,304,0.625,106,306,0.653,116,339,0.657,,,,,,,,,,,,
8/10/22,7,MAK,22,18,137,313,0.562,52,126,0.587,136,433,0.662,,,,,,,,,,,,
8/10/22,7,RIH,22,18,149,334,0.533,286,545,0.475,128,392,0.576,,,,,,,,,,,,
8/10/22,7,NCK,22,18,97,263,0.631,99,283,0.65,170,489,0.652,,,,,,,,,,,,
8/10/22,7,RIM,22,18,254,413,0.384,202,356,0.432,142,313,0.546,,,,,,,,,,,,
8/10/22,7,RIN,22,18,150,368,0.592,168,374,0.55,159,350,0.545,,,,,,,,,,,,
8/10/22,7,RIJ,22,18,221,491,0.549,292,588,0.503,63,297,0.695,,,,,,,,,,,,
8/10/22,7,RIK,22,18,125,398,0.685,276,813,0.66,201,616,0.673,,,,,,,,,,,,
8/10/22,7,RIL,22,18,239,597,0.528,263,556,0.526,223,582,0.537,,,,,,,,,,,,
8/10/22,7,MAM,22,18,195,630,0.69,134,427,0.686,75,254,0.704,,,,,,,,,,,,
8/10/22,7,NCM,22,18,190,599,0.682,143,447,0.68,176,587,0.689,,,,,,,,,,,,
8/11/22,7,NCH,22,18,254,735,0.654,199,643,0.69,232,707,0.671,,,,,,,,,,,,
8/11/22,7,RIO,28,18,319,598,0.466,203,445,0.543,208,464,0.551,,,,,,,,,,,,
8/11/22,7,NCO,28,18,212,738,0.712,236,794,0.702,216,728,0.703,,,,,,,,,,,,
8/11/22,7,NCI,22,18,217,699,0.689,247,818,0.698,274,794,0.654,,,,,,,,,,,,
8/11/22,7,MAI,22,18,182,424,0.57,176,563,0.687,142,376,0.622,,,,,,,,,,,,
8/11/22,7,MAO,28,18,178,367,0.514,155,313,0.504,159,287,0.445,,,,,,,,,,,,
8/11/22,7,NCP,28,18,230,767,0.7,223,712,0.686,228,682,0.665,,,,,,,,,,,,
8/11/22,7,NCQ,28,18,235,811,0.71,272,972,0.72,201,675,0.702,,,,,,,,,,,,
8/11/22,7,RIP,28,18,475,536,0.113,471,585,0.194,334,449,0.256,,,,,,,,,,,,
8/11/22,7,MAP,28,18,112,332,0.662,166,554,0.7,108,351,0.692,,,,,,,,,,,,
8/11/22,7,MAR,28,18,408,575,0.29,206,361,0.429,175,278,0.37,,,,,,,,,,,,
8/11/22,7,RIR,28,18,387,588,0.341,441,702,0.371,395,651,0.393,,,,,,,,,,,,
8/11/22,7,MAQ,28,18,184,395,0.534,146,349,0.581,139,333,0.582,,,,,,,,,,,,
8/11/22,7,RIQ,28,18,283,480,0.41,227,507,0.552,323,526,0.385,,,,,,,,,,,,
8/11/22,7,NCR,28,18,103,433,0.762,135,420,0.678,164,538,0.695,,,,,,,,,,,,
8/12/22,7,MAS,28,18,367,607,0.395,137,440,0.688,304,596,0.489,,,,,,,,,,,,
8/12/22,7,RIT,28,18,372,616,0.396,375,610,0.385,187,376,0.502,,,,,,,,,,,,
8/12/22,7,RIS,28,18,229,760,0.698,138,538,0.743,182,684,0.733,,,,,,,,,,,,
8/12/22,7,NCT,28,18,246,422,0.417,233,411,0.433,261,519,0.497,,,,,,,,,,,,
8/12/22,7,NCS,28,18,288,780,0.63,214,714,0.7,194,658,0.705,,,,,,,,,,,,
8/12/22,7,MAU,28,18,251,470,0.465,130,338,0.615,237,486,0.512,,,,,,,,,,,,
8/12/22,7,NCU,28,18,206,549,0.624,287,737,0.61,234,646,0.637,,,,,,,,,,,,
8/12/22,7,NCV,32,18,103,433,0.762,135,420,0.678,164,538,0.695,,,,,,,,,,,,
8/12/22,7,RIU,28,18,175,292,0.4,248,466,0.467,290,480,0.395,,,,,,,,,,,,
8/12/22,7,MAT,28,18,250,445,0.438,157,373,0.579,163,301,0.458,,,,,,,,,,,,
8/12/22,7,NCW,32,18,402,560,0.282,334,642,0.479,317,622,0.49,,,,,,,,,,,,
8/12/22,7,MAW,32,18,93,169,0.449,47,68,0.308,109,186,0.413,,,,,,,,,,,,
8/12/22,7,MAV,32,18,35,106,0.669,37,114,0.675,46,147,0.687,,,,,,,,,,,,
8/12/22,7,RIW,32,18,93,302,0.692,116,311,0.627,109,320,0.659,,,,,,,,,,,,
8/12/22,7,RIV,32,18,14,34,0.588,107,254,0.578,75,168,0.553,,,,,,,,,,,,
8/13/22,7,MAX,32,18,38,86,0.558,32,81,0.604,36,80,0.55,,,,,,,,,,,,
8/13/22,7,RIX,32,18,41,95,0.568,22,46,0.521,49,82,0.402,,,,,,,,,,,,
8/13/22,7,NCY,32,18,36,72,0.5,76,155,0.509,114,239,0.523,,,,,,,,,,,,
8/13/22,7,NCX,32,18,252,475,0.469,386,602,0.358,223,384,0.419,,,,,,,,,,,,
8/13/22,7,RIY,32,18,37,51,0.274,37,71,0.478,25,44,0.431,,,,,,,,,,,,
8/13/22,7,MAZ,32,18,60,186,0.677,68,207,0.671,43,117,0.632,,,,,,,,,,,,
8/13/22,7,NCZ,32,18,279,373,0.252,262,345,0.24,207,392,0.471,,,,,,,,,,,,
8/13/22,7,RIZ,32,18,74,158,0.531,46,101,0.544,61,137,0.554,,,,,,,,,,,,
8/13/22,7,NCAA,32,18,331,492,0.327,167,258,0.352,243,390,0.376,,,,,,,,,,,,
8/13/22,7,MAY,32,18,85,161,0.472,89,163,0.453,73,159,0.54,,,,,,,,,,,,
8/13/22,7,RIAB,32,18,29,43,0.325,56,74,0.243,62,80,0.225,,,,,,,,,,,,
8/13/22,7,MAAA,32,18,52,72,0.277,28,52,0.461,68,87,0.218,,,,,,,,,,,,
8/13/22,7,NCAB,32,18,179,541,0.669,147,434,0.661,187,503,0.628,,,,,,,,,,,,
8/13/22,7,MAAB,32,18,436,555,0.214,398,531,0.25,10,38,0.736,,,,,,,,,,,,
8/13/22,7,RIAA,32,18,48,128,0.625,31,58,0.465,36,93,0.612,,,,,,,,,,,,
,,,,,,,,,,,,,,,,,,,,,,,,,