date,timepoint,trial,coral_ID,treatment_temp,chamber_ID,ambient_temp,dark_time_start,dark_time_stop,dark_DO_initial,dark_DO_final,light_time_start,light_time_stop,light_DO_initial,light_DO_final,full_chamber_volume,empty_chamber_volume,polyp_count,BW_1,BW_2,BW_3,temp,pH,DO,,,,,,,,,,
6/17/22,start,1,MAX,32,CH5,18,5:22,45:52,7.86,7.48,0:03,46:00,8.16,7.88,80,82,40,1.57,1.57,1.56,21.5,7.99,95.7,,,,,,,,,,
6/17/22,start,1,RIAA,32,CH3,18,10:09,49:52,7.9,7.08,2:22,47:57,8.2,7.78,75,85,39,5.07,5.07,5.07,21.5,7.99,95.8,,,,,,,,,,
6/17/22,start,1,NCV,32,CH2,18,0:17,40:34,7.82,7.63,4:20,50:11,8.22,8.38,85,86,28,1.45,1.43,1.43,21.5,7.99,95.9,,,,,,,,,,
6/17/22,start,1,NCX,32,CH4,18,3:03,43:44,7.82,7.64,6:22,52:05,8.22,8.42,81,82,18,0.48,0.48,0.48,21.5,7.99,95.9,,,,,,,,,,
6/17/22,start,1,RIV,32,CH6,18,7:52,47:50,7.88,7.41,8:14,53:48,8.23,8.15,83,86,21,2.66,2.66,2.66,21.6,7.99,95.8,,,,,,,,,,
6/17/22,start,1,blank,NA,CH1,18,12:35,52:00,7.93,7.84,10:11,55:46,8.24,8.15,NA,80,NA,NA,NA,NA,NA,NA,NA,,,,,,,,,,
6/17/22,start,2,MAV,32,CH1,18,0:29,42:27,8.15,7.64,0:22,40:38,8.15,8.15,72,80,67,5.33,5.33,5.33,21.7,8.04,93.9,,,,,,,,,,
6/17/22,start,2,RIZ,32,CH2,18,3:07,44:40,8.14,7.76,2:36,43:28,8.15,7.92,83,86,26,2.74,2.74,2.74,21.7,8.04,93.9,,,,,,,,,,
6/17/22,start,2,NCAB,32,CH3,18,4:59,46:44,8.18,7.97,4:28,45:28,8.16,8.26,83,85,15,0.52,0.52,0.52,21.7,8.04,93.9,,,,,,,,,,
6/17/22,start,2,MAY,32,CH4,18,7:02,48:37,8.19,7.58,7:15,47:32,8.16,7.71,80,82,23,1.15,1.15,1.15,21.7,8.04,93.9,,,,,,,,,,
6/17/22,start,2,NCZ,32,CH5,18,9:17,50:47,8.19,7.81,9:17,49:26,8.18,8.43,80,82,19,0.48,0.48,0.48,21.7,8.04,93.9,,,,,,,,,,
6/17/22,start,2,blank,NA,CH6,18,11:34,52:40,8.27,8.2,11:40,51:18,8.19,8.09,NA,86,NA,NA,NA,NA,NA,NA,NA,,,,,,,,,,
6/18/22,start,3,RIAB,32,CH1,18,0:00,42:53,8.16,7.19,0:18,41:03,8.15,7.72,75,80,29,2.21,2.21,2.21,21.1,8.05,85.6,,,,,,,,,,
6/18/22,start,3,MAZ,32,CH2,18,2:06,45:10,8.18,7.45,2:09,42:58,8.2,8.16,81,86,34,4.62,4.62,4.62,21.1,8.05,85.6,,,,,,,,,,
6/18/22,start,3,RIX,32,CH3,18,4:31,46:56,8.18,7.09,4:09,44:50,8.2,7.44,72,85,33,2.6,2.6,2.6,21.1,8.05,85.6,,,,,,,,,,
6/18/22,start,3,MAU,28,CH4,18,6:33,48:45,8.18,7.16,6:19,46:52,8.19,7.97,74,82,58,5.64,5.64,5.64,21.1,8.05,85.6,,,,,,,,,,
6/18/22,start,3,RIU,28,CH5,18,8:30,50:51,8.21,7.56,8:13,48:21,8.22,8.26,79,82,31,4.18,4.18,4.18,21.1,8.05,85.6,,,,,,,,,,
6/18/22,start,3,blank,NA,CH6,18,10:35,52:39,8.2,8,10:15,50:19,8.2,8.13,NA,86,NA,NA,NA,NA,NA,NA,NA,,,,,,,,,,
6/19/22,start,4,blank,NA,CH1,18,0:28,43:20,7.69,7.55,0:13,42:10,8.31,8.1,NA,80,NA,NA,NA,NA,NA,NA,NA,,,,,,,,,,
6/19/22,start,4,MAW,32,CH2,18,2:26,45:20,7.67,7.21,1:59,44:00,8.3,7.47,79,86,33,4.9,4.9,4.9,20.9,8.07,84,,,,,,,,,,
6/19/22,start,4,NCY,32,CH3,18,4:41,47:12,7.62,7.32,3:49,45:44,8.34,8.97,74,85,51,2.97,2.97,2.97,20.9,8.07,84,,,,,,,,,,
6/19/22,start,4,NCW,32,CH4,18,6:39,49:06,7.6,6.93,5:47,47:19,8.35,8.99,80,82,59,2.15,2.15,2.15,20.9,8.07,84,,,,,,,,,,
6/19/22,start,4,RIW,32,CH5,18,8:59,50:55,7.71,7.06,7:25,48:58,8.34,8.41,71,82,24,1.68,1.68,1.68,20.9,8.07,84,,,,,,,,,,
6/19/22,start,4,RIY,32,CH6,18,10:49,52:43,7.66,7.03,9:15,50:43,8.33,8.04,82,86,25,3.1,3.1,3.1,20.9,8.07,84,,,,,,,,,,
6/19/22,start,5,blank,NA,CH1,18,0:28,42:00,8.19,8.06,0:10,40:17,8.12,8.04,NA,80,NA,NA,NA,NA,NA,NA,NA,,,,,,,,,,
6/19/22,start,5,MAAA,32,CH2,18,2:22,43:57,8.24,7.09,2:00,41:58,8.21,7.13,75,86,61,7.02,7.02,7.02,21,8.09,82.8,,,,,,,,,,
6/19/22,start,5,NCAA,32,CH3,18,4:12,46:05,8.25,7.85,3:40,43:40,8.25,8.29,82,85,24,0.58,0.58,0.58,21,8.09,82.8,,,,,,,,,,
6/19/22,start,5,MAAB,32,CH4,18,6:14,47:26,8.29,7.25,5:20,45:30,8.22,7.35,78,82,28,2.15,2.15,2.15,21,8.09,82.8,,,,,,,,,,
6/19/22,start,5,RIR,28,CH5,18,8:02,49:06,8.29,7.22,6:57,46:55,8.27,7.9,80,82,46,4.39,4.39,4.39,21,8.09,82.8,,,,,,,,,,
6/19/22,start,5,MAO,28,CH6,18,9:51,50:59,8.29,7.49,8:42,48:37,8.27,7.72,78,86,29,2.43,2.43,2.43,21,8.09,82.8,,,,,,,,,,
6/20/22,start,6,MAR,28,CH1,18,0:21,41:49,7.47,6.82,0:00,41:33,8.05,8.09,72,80,35,3.11,3.11,3.11,20.8,8.11,82.5,,,,,,,,,,
6/20/22,start,6,blank,28,CH2,18,2:05,43:33,7.56,7.37,1:41,43:24,8.29,8.18,NA,86,NA,NA,NA,NA,NA,NA,NA,,,,,,,,,,
6/20/22,start,6,NCQ,28,CH3,18,3:57,45:12,7.55,7.26,3:33,44:59,8.36,8.91,82,85,38,1.86,1.86,1.86,20.8,8.11,82.5,,,,,,,,,,
6/20/22,start,6,NCU,28,CH4,18,5:42,47:00,7.58,7.15,5:21,46:34,8.38,8.55,81,82,9,0.23,0.23,0.23,20.8,8.11,82.5,,,,,,,,,,
6/20/22,start,6,MAP,28,CH5,18,7:27,48:46,7.59,6.95,7:05,48:12,8.39,8.01,76,82,21,2.17,2.17,2.17,20.8,8.11,82.5,,,,,,,,,,
6/20/22,start,6,NCR,28,CH6,18,9:16,50:22,7.6,7.21,8:49,49:53,8.4,8.43,81,86,14,0.45,0.45,0.45,20.8,8.11,82.5,,,,,,,,,,
6/20/22,start,7,RIS,28,CH1,18,0:00,42:45,7.98,7.47,0:26,41:42,8.03,7.93,78,80,27,4.06,4.06,4.06,21,8.11,81.5,,,,,,,,,,
6/20/22,start,7,blank,28,CH2,18,1:37,45:15,8.29,8.04,2:05,43:20,8.22,8.13,NA,86,NA,NA,NA,NA,NA,NA,NA,,,,,,,,,,
6/20/22,start,7,RIT,28,CH3,18,3:38,47:09,8.32,8.08,3:43,45:15,8.28,8.11,80,85,40,3.15,3.15,3.15,21,8.11,81.5,,,,,,,,,,
6/20/22,start,7,RIP,28,CH4,18,5:40,48:52,8.34,7.42,5:30,46:33,8.3,7.82,87,82,40,2.3,2.3,2.3,21,8.11,81.5,,,,,,,,,,
6/20/22,start,7,RIQ,28,CH5,18,7:27,50:37,8.32,6.82,7:04,48:15,8.31,7.66,74,82,56,6.77,6.77,6.77,21,8.11,81.5,,,,,,,,,,
6/20/22,start,7,RIO,28,CH6,18,9:13,52:18,8.34,6.99,8:52,49:56,8.31,7.69,83,86,38,5.48,5.48,5.48,21,8.11,81.5,,,,,,,,,,
6/20/22,start,8,MAQ,28,CH1,18,0:00,42:32,8.11,7.88,0:26,41:21,8.04,7.57,78,80,29,3.76,3.76,3.76,21.1,8.09,81.2,,,,,,,,,,
6/20/22,start,8,blank,28,CH2,18,1:33,44:12,8.23,8.09,2:12,42:58,8.09,7.93,NA,86,NA,NA,NA,NA,NA,NA,NA,,,,,,,,,,
6/20/22,start,8,NCS,28,CH3,18,3:27,45:51,8.27,7.81,3:52,44:34,8.12,8.22,83,85,12,0.5,0.5,0.5,21.1,8.09,81.2,,,,,,,,,,
6/20/22,start,8,NCO,28,CH4,18,5:29,47:35,8.24,7.81,5:52,46:12,8.13,8.19,81,82,9,0.27,0.27,0.27,21.1,8.09,81.2,,,,,,,,,,
6/20/22,start,8,NCP,28,CH5,18,7:19,49:16,8.27,7.76,7:20,47:51,8.13,8.2,81,82,12,0.39,0.39,0.39,21.1,8.09,81.2,,,,,,,,,,
6/20/22,start,8,MAT,28,CH6,18,9:10,51:00,8.26,7.91,9:04,49:31,8.11,7.93,85,86,13,0.61,0.61,0.61,21.1,8.09,81.2,,,,,,,,,,
6/21/22,start,9,NCJ,22,CH1,18,0:00,40:25,7.61,7.2,0:15,43:37,7.91,7.93,78,80,28,0.62,0.62,0.62,21,8.11,81.3,,,,,,,,,,
6/21/22,start,9,RIN,22,CH2,18,1:45,42:22,7.63,7.03,1:55,45:14,7.99,7.66,80,86,24,4.04,4.04,4.04,21,8.11,81.3,,,,,,,,,,
6/21/22,start,9,blank,22,CH3,18,3:32,43:55,7.62,7.43,3:36,46:56,8.04,7.77,NA,85,NA,NA,NA,NA,NA,NA,NA,,,,,,,,,,
6/21/22,start,9,RIM,22,CH4,18,5:17,45:40,7.64,6.87,5:20,48:40,8.04,7.9,78,82,34,2.5,2.5,2.5,21,8.11,81.3,,,,,,,,,,
6/21/22,start,9,MAK,22,CH5,18,7:16,47:32,7.65,6.72,7:07,50:23,8.05,6.89,79,82,16,3.27,3.27,3.27,21,8.11,81.3,,,,,,,,,,
6/21/22,start,9,MAI,22,CH6,18,9:17,49:11,7.64,7.21,8:50,52:02,8.07,7.61,84,86,12,1.46,1.46,1.46,21,8.11,81.3,,,,,,,,,,
6/21/22,start,10,NCT,28,CH1,18,0:11,42:15,8.07,7.94,0:00,45:55,7.98,8.07,78,80,11,0.84,0.84,0.84,21.2,8.11,80.3,,,,,,,,,,
6/21/22,start,10,MAS,28,CH2,18,1:55,43:57,8.11,7.8,1:38,47:38,8.1,7.86,82,86,27,2.79,2.79,2.79,21.2,8.11,80.3,,,,,,,,,,
6/21/22,start,10,blank,NA,CH3,18,3:38,45:40,8.16,7.78,3:16,49:22,8.13,7.88,NA,85,NA,NA,NA,NA,NA,NA,NA,,,,,,,,,,
6/21/22,start,10,RIK,22,CH4,18,5:29,47:33,7.42,6.75,4:55,51:07,8.11,7.63,81,82,16,0.54,0.54,0.54,21.2,8.11,80.3,,,,,,,,,,
6/21/22,start,10,NCL,22,CH5,18,7:12,49:16,8.08,7.52,6:33,52:57,8.14,8.14,78,82,37,5.02,5.02,5.02,21.2,8.11,80.3,,,,,,,,,,
6/21/22,start,10,MAH,22,CH6,18,8:57,51:00,8.15,7.21,8:14,54:40,8.14,7.47,85,86,7,0.2,0.2,0.2,21.2,8.11,80.3,,,,,,,,,,
6/21/22,start,11,RIJ,22,CH1,18,0:00,42:06,8.11,7.87,0:23,42:07,8.06,7.81,75,80,30,5.01,5.01,5.01,21.2,8.11,80.3,,,,,,,,,,
6/21/22,start,11,MAM,22,CH2,18,1:52,44:03,8.25,7.72,2:05,43:52,8.24,7.89,84,86,16,1.01,1.01,1.01,21.2,8.11,78.5,,,,,,,,,,
6/21/22,start,11,blank,22,CH3,18,3:43,45:49,8.25,8.05,3:40,45:41,8.3,8.04,NA,85,NA,NA,NA,NA,NA,NA,NA,,,,,,,,,,
6/21/22,start,11,MAL,22,CH4,18,5:33,47:37,8.3,7.6,5:22,47:20,8.31,8.12,78,82,21,2.07,2.07,2.07,21.2,8.11,78.5,,,,,,,,,,
6/21/22,start,11,NCI,22,CH5,18,7:18,49:43,8.33,7.68,7:05,49:04,8.31,8.43,80,82,24,0.77,0.77,0.77,21.2,8.11,78.5,,,,,,,,,,
6/21/22,start,11,RII,22,CH6,18,9:12,51:21,8.24,6.99,8:49,50:56,8.33,8.1,80,86,49,4.92,4.92,4.92,21.2,8.11,78.5,,,,,,,,,,
6/23/22,start,12,MAJ,22,CH1,18,0:00,41:11,8.19,7.18,0:00,48:25,8.35,7.92,75,80,43,3.66,3.66,3.66,21.3,8.11,81.1,,,,,,,,,,
6/23/22,start,12,MAN,22,CH2,18,1:48,42:54,8.12,7.95,1:40,50:06,8.45,8.29,85,86,15,1.13,1.13,1.13,21.3,8.11,81.1,,,,,,,,,,
6/23/22,start,12,NCM,22,CH3,18,3:42,44:33,8.16,7.9,3:16,51:36,8.54,8.87,83,85,27,1.37,1.37,1.37,21.3,8.11,81.1,,,,,,,,,,
6/23/22,start,12,blank,22,CH4,18,5:37,46:11,8.16,7.98,4:59,53:04,8.56,8.34,NA,82,NA,NA,NA,NA,NA,NA,NA,,,,,,,,,,
6/23/22,start,12,NCK,22,CH5,18,7:25,8:00,8.14,7.46,6:40,54:32,8.57,8.84,80,82,26,1.82,1.82,1.82,21.3,8.11,81.1,,,,,,,,,,
6/23/22,start,12,NCH,22,CH6,18,9:07,49:37,8.2,7.43,8:23,56:20,8.34,9.31,83,86,35,0.96,0.96,0.96,21.3,8.11,81.1,,,,,,,,,,
6/23/22,start,13,RIL,22,CH1,18,0:00,42:44,8.63,7.72,0:00,43:39,8.49,7.79,76,80,42,3.05,3.05,3.05,21.4,8.16,80.1,,,,,,,,,,
6/23/22,start,13,NCN,22,CH2,18,1:50,44:29,8.67,8.04,1:38,45:11,8.63,9.09,83,86,27,1.52,1.52,1.52,21.4,8.16,80.1,,,,,,,,,,
6/23/22,start,13,RIH,22,CH3,18,3:52,46:03,8.66,7.95,3:15,46:44,8.62,8.68,78,85,58,7.09,7.09,7.09,21.4,8.16,80.1,,,,,,,,,,
6/23/22,start,13,blank,NA,CH4,18,5:43,48:00,8.56,8.43,4:53,48:19,8.64,7.19,NA,82,NA,NA,NA,NA,NA,NA,NA,,,,,,,,,,
6/23/22,start,13,NCE,18,CH5,18,7:32,49:31,8.62,7.83,6:30,49:52,8.41,8.76,80,82,28,1.3,1.3,1.3,21.4,8.16,80.1,,,,,,,,,,
6/23/22,start,13,RID,18,CH6,18,9:15,51:20,8.66,7.59,8:13,51:31,8.65,8.47,80,86,44,4.31,4.31,4.31,21.4,8.16,80.1,,,,,,,,,,
6/23/22,start,14,RIB,18,CH1,18,0:00,43:32,8.36,7.2,0:00,41:43,7.12,8.08,77,80,39,2.7,2.7,2.7,21.4,8.13,78.6,,,,,,,,,,
6/23/22,start,14,RIA,18,CH2,18,1:54,45:18,8.53,7.39,1:37,43:51,8.41,7.97,80,86,33,3.68,3.68,3.68,21.4,8.13,78.6,,,,,,,,,,
6/23/22,start,14,RIF,18,CH3,18,3:51,47:00,8.55,7.68,3:19,45:26,8.6,7.94,80,85,33,5.19,5.19,5.19,21.4,8.13,78.6,,,,,,,,,,
6/23/22,start,14,NCG,18,CH4,18,5:44,48:47,8.51,7.1,5:02,47:18,8.62,9.39,80,82,46,1.21,1.21,1.21,21.4,8.13,78.6,,,,,,,,,,
6/23/22,start,14,blank,NA,CH5,18,7:35,50:36,8.21,6.61,6:49,48:50,8.63,8.51,NA,82,NA,NA,NA,NA,NA,NA,NA,,,,,,,,,,
6/23/22,start,14,MAF,18,CH6,18,9:30,52:19,8.39,7.75,8:24,50:27,8.6,8.33,84,86,31,2.28,2.28,2.28,21.4,8.13,78.6,,,,,,,,,,
6/23/22,start,15,MAE,18,CH1,18,0:00,40:34,8.48,8.02,0:00,39:54,8.48,8.05,76,80,34,3.32,3.32,3.32,21.4,8.14,77.8,,,,,,,,,,
6/23/22,start,15,RIE,18,CH2,18,2:00,42:14,8.58,8.12,2:08,41:30,8.59,8.36,82,86,27,2.75,2.75,2.75,21.4,8.14,77.8,,,,,,,,,,
6/23/22,start,15,MAD,18,CH3,18,4:17,43:48,8.56,7.79,3:48,43:04,8.64,8.46,85,85,12,0.49,0.49,0.49,21.4,8.14,77.8,,,,,,,,,,
6/23/22,start,15,NCD,18,CH4,18,5:58,45:30,8.63,8.09,5:30,44:41,8.61,8.97,81,82,15,0.37,0.37,0.37,21.4,8.14,77.8,,,,,,,,,,
6/23/22,start,15,NA,NA,CH5,18,7:38,47:10,8.58,8.22,7:09,46:11,8.64,8.49,NA,82,NA,NA,NA,NA,NA,NA,NA,,,,,,,,,,
6/23/22,start,15,NCF,18,CH6,18,9:18,48:49,8.65,8.08,8:50,47:45,8.67,8.97,83,86,20,0.9,0.9,0.9,21.4,8.14,77.8,,,,,,,,,,
6/24/22,start,16,MAA,18,CH1,18,0:00,41:03,7.62,6.28,0:00,42:45,8.28,7.86,76,80,52,3.71,3.71,3.71,21.5,8.04,80.8,,,,,,,,,,
6/24/22,start,16,MAG,18,CH2,18,1:54,42:52,7.94,7.37,1:49,44:27,8.38,8.15,82,86,37,4.41,4.41,4.41,21.5,8.04,80.8,,,,,,,,,,
6/24/22,start,16,MAB,18,CH3,18,3:39,44:30,7.93,8.09,3:27,46:06,8.44,8.27,84,85,15,0.94,0.94,0.94,21.5,8.04,80.8,,,,,,,,,,
6/24/22,start,16,RIG,18,CH4,18,5:17,46:08,8,7.5,5:03,47:52,8.47,8.37,77,82,32,7.46,7.46,7.46,21.5,8.04,80.8,,,,,,,,,,
6/24/22,start,16,MAC,18,CH5,18,7:07,47:48,8.02,8.31,6:46,49:26,8.48,7.67,75,82,56,8.81,8.81,8.81,21.5,8.04,80.8,,,,,,,,,,
6/24/22,start,16,blank,NA,CH6,18,8:55,49:27,8.02,8.16,8:26,51:06,8.47,8.23,NA,86,NA,NA,NA,NA,NA,NA,NA,,,,,,,,,,
6/24/22,start,17,NCA,18,CH1,18,0:00,40:47,8.51,7.81,0:00,43:43,8.54,9.38,76,80,36,2.84,2.84,2.84,21.4,8.12,75.9,,,,,,,,,,
6/24/22,start,17,NCB,18,CH2,18,1:56,42:49,8.63,8.28,1:34,45:17,8.6,9.83,79,86,16,0.46,0.46,0.46,21.4,8.12,75.9,,,,,,,,,,
6/24/22,start,17,RIC,18,CH3,18,3:43,44:28,8.65,8.07,3:11,46:49,8.62,8.9,81,85,35,6.16,6.16,6.16,21.4,8.12,75.9,,,,,,,,,,
6/24/22,start,17,NCC,18,CH4,18,5:33,46:24,8.64,8.16,4:47,48:26,8.61,8.99,81,82,14,0.5,0.5,0.5,21.4,8.12,75.9,,,,,,,,,,
6/24/22,start,17,blank,NA,CH5,18,7:22,48:07,8.65,8.41,6:18,49:58,8.62,8.48,NA,82,NA,NA,NA,NA,NA,NA,NA,,,,,,,,,,
8/1/22,end,18,NCAB,32,CH1,32,0:27,1:04:29,6.41,5.69,0:12,1:00:56,6.37,5.48,55,62,18,0.58,0.58,0.58,19.85,7.84,61.7,,,,,,,,,,
8/1/22,end,18,RIAB,32,CH2,32,2:32,1:02:33,6.4,5.3,1:59,1:02:32,6.34,5.82,61,68,27,4.24,4.24,4.24,19.85,7.84,61.7,,,,,,,,,,
8/1/22,end,18,NCAA,32,CH3,32,4:46,1:00:36,6.4,5.56,3:44,1:04:06,6.39,6.45,57,64,17,0.64,0.64,0.64,19.85,7.84,61.7,,,,,,,,,,
8/1/22,end,18,MAZ,32,CH4,32,6:44,1:06:15,6.34,5.22,5:44,1:05:51,6.4,8.32,65,68,37,5.74,5.74,5.74,19.85,7.84,61.7,,,,,,,,,,
8/1/22,end,18,blank,NA,CH5,32,8:50,1:08:02,6.17,6.35,7:27,1:07:43,6.38,6.32,NA,82,NA,NA,NA,NA,NA,NA,NA,,,,,,,,,,
8/1/22,end,18,blank,NA,CH6,32,10:48,1:09:56,6.35,6.29,9:01,1:09:33,6.38,6.21,NA,83,NA,NA,NA,NA,NA,NA,NA,,,,,,,,,,
8/2/22,end,19,NCZ,32,CH1,32,0:17,1:01:18,5.74,4.56,0:26,1:00:09,5.76,5.26,64,65,24,0.63,0.65,0.64,21.49,7.9,45.2,,,,,,,,,,
8/2/22,end,19,MAY,32,CH2,32,2:24,1:03:00,5.77,4.89,2:10,1:01:50,5.78,5.27,72,74,17,1.11,1.12,1.11,21.49,7.9,45.2,,,,,,,,,,
8/2/22,end,19,NCX,32,CH3,32,4:32,1:04:49,5.75,4.99,3:49,1:03:33,5.8,5.61,55,57,14,0.57,0.57,0.57,21.49,7.9,45.2,,,,,,,,,,
8/2/22,end,19,RIY,32,CH4,32,6:21,1:06:44,5.76,4.34,5:41,1:05:16,5.8,4.93,54,58,34,3.1,3.11,3.13,21.49,7.9,45.2,,,,,,,,,,
8/2/22,end,19,blank,NA,CH5,32,8:11,1:08:26,5.77,5.53,7:29,1:07:00,5.81,5.63,NA,82,NA,NA,NA,NA,NA,NA,NA,,,,,,,,,,
8/2/22,end,19,blank,NA,CH6,32,10:19,1:10:13,5.68,5.51,9:05,1:08:42,5.82,5.58,NA,83,NA,NA,NA,NA,NA,NA,NA,,,,,,,,,,
8/2/22,end,20,MAAB,32,CH1,32,0:23,1:00:23,5.78,3.71,0:17,1:00:25,5.79,4.1,65,70,38,2.77,2.77,2.77,21.79,7.88,46.3,,,,,,,,,,
8/2/22,end,20,NCW,32,CH2,32,2:14,1:02:04,5.79,4.18,2:05,1:02:14,5.86,5.51,65,68,38,2.23,2.23,2.23,21.79,7.88,46.3,,,,,,,,,,
8/2/22,end,20,MAW,32,CH3,32,4:08,1:03:48,5.83,4.18,3:50,1:03:54,5.86,4.61,67,70,26,4.64,4.64,4.64,21.79,7.88,46.3,,,,,,,,,,
8/2/22,end,20,RIW,32,CH4,32,5:56,1:05:24,5.83,4.61,5:32,1:05:34,5.88,6.54,60,63,14,1.63,1.63,1.63,21.79,7.88,46.3,,,,,,,,,,
8/2/22,end,20,blank,NA,CH5,32,7:50,1:07:09,5.84,5.61,7:39,1:07:12,5.84,5.69,NA,82,NA,NA,NA,NA,NA,NA,NA,,,,,,,,,,
8/2/22,end,20,blank,NA,CH6,32,9:45,1:08:49,5.82,5.65,9:26,1:08:49,5.85,5.71,NA,83,NA,NA,NA,NA,NA,NA,NA,,,,,,,,,,
8/3/22,end,21,RIAA,32,CH1,32,0:01,1:02:01,5.84,3.93,1:45,1:11:15,5.86,5.01,59,64,45,1.54,1.52,1.52,21.85,7.91,52.3,,,,,,,,,,
8/3/22,end,21,MAX,32,CH2,32,1:50,1:03:41,5.78,4.2,3:50,1:13:20,5.84,5.62,68,71,20,2.06,2.05,2.06,21.85,7.91,52.3,,,,,,,,,,
8/3/22,end,21,NCV,32,CH3,32,3:25,1:05:38,5.86,4.46,5:50,1:14:30,5.89,5.97,61.5,63.5,39,1.47,1.47,1.47,21.85,7.91,52.3,,,,,,,,,,
8/3/22,end,21,NCY,32,CH4,32,5:10,1:08:30,5.86,3.64,7:40,1:15:57,5.9,6.87,64,75,37,4.99,4.98,4.99,21.85,7.91,52.3,,,,,,,,,,
8/3/22,end,21,RIV,32,CH5,32,7:30,1:10:03,5.91,4.84,9:14,1:17:40,5.9,5.9,55,58,19,2.53,2.53,2.53,21.85,7.91,52.3,,,,,,,,,,
8/3/22,end,21,blank,NA,CH6,32,9:20,1:11:45,5.91,5.72,11:05,1:19:58,5.91,5.67,NA,83,NA,NA,NA,NA,NA,NA,NA,,,,,,,,,,
8/4/22,end,22,RIX,32,CH1,32,0:34,1:01:56,5.78,4.15,0:18,1:00:35,5.88,4.15,60,65,27,3.73,3.73,3.73,21.9,7.89,47.4,,,,,,,,,,
8/4/22,end,22,RIZ,32,CH2,32,2:41,1:03:38,5.75,4.94,2:02,1:02:26,5.94,5.83,67,69,13,1.71,1.71,1.71,21.9,7.89,47.4,,,,,,,,,,
8/4/22,end,22,MAV,32,CH3,32,4:39,1:05:25,5.78,4.17,3:48,1:04:08,6,7.39,62,68,30,5.09,5.09,5.09,21.9,7.89,47.4,,,,,,,,,,
8/4/22,end,22,MAAA,32,CH4,32,6:48,1:07:28,5.77,3.09,5:33,1:06:01,5.96,4.98,63,67,32,6.86,6.86,6.86,21.9,7.89,47.4,,,,,,,,,,
8/4/22,end,22,blank,NA,CH5,32,8:45,1:08:58,5.81,5.44,7:16,1:07:34,5.94,5.69,NA,82,NA,NA,NA,NA,NA,NA,NA,,,,,,,,,,
8/4/22,end,22,blank,NA,CH6,32,10:47,1:10:37,5.76,5.25,9:00,1:09:14,5.94,5.49,NA,83,NA,NA,NA,NA,NA,NA,NA,,,,,,,,,,
8/4/22,end,23,MAP,28,CH1,28,0:22,1:01:34,6.3,4.83,0:34,1:00:27,6.3,5.04,66,70,18,2.15,2.15,2.15,21.96,7.88,44.2,,,,,,,,,,
8/4/22,end,23,RIT,28,CH2,28,2:13,1:03:29,6.33,4.91,2:05,1:02:03,6.43,7.27,65,70,34,3.11,3.11,3.11,21.96,7.88,44.2,,,,,,,,,,
8/4/22,end,23,NCP,28,CH3,28,4:04,1:05:07,6.32,5.76,3:50,1:03:42,6.33,6.97,55,57,12,0.4,0.4,0.4,21.96,7.88,44.2,,,,,,,,,,
8/4/22,end,23,MAQ,28,CH4,28,5:50,1:06:51,6.3,4.49,5:31,1:05:13,6.32,4.47,59,62,20,3.75,3.75,3.75,21.96,7.88,44.2,,,,,,,,,,
8/4/22,end,23,blank,NA,CH5,28,7:40,1:08:32,6.33,6.05,7:19,1:06:55,6.3,5.99,NA,82,NA,NA,NA,NA,NA,NA,NA,,,,,,,,,,
8/4/22,end,23,blank,NA,CH6,28,9:23,1:10:13,6.31,6.08,9:09,1:08:32,6.29,6.07,NA,83,NA,NA,NA,NA,NA,NA,NA,,,,,,,,,,
8/4/22,end,24,NCO,28,CH1,28,0:31,1:00:29,6.14,4.93,0:18,1:00:41,6.08,6.15,50,51,15,0.38,0.38,0.38,21.98,7.89,47.3,,,,,,,,,,
8/4/22,end,24,NCR,28,CH2,28,2:16,1:02:18,6.14,5.31,2:01,1:02:24,6.07,5.99,54,55,9,0.55,0.55,0.55,21.98,7.89,47.3,,,,,,,,,,
8/4/22,end,24,RIO,28,CH3,28,3:57,1:03:49,4.59,3.77,3:47,1:03:59,6.17,7.44,60,66,36,5.56,5.56,5.56,21.98,7.89,47.3,,,,,,,,,,
8/4/22,end,24,NCS,28,CH4,28,5:46,1:05:35,6.11,5.21,5:32,1:05:40,6.14,6.87,53,55,12,0.57,0.57,0.57,21.98,7.89,47.3,,,,,,,,,,
8/4/22,end,24,blank,NA,CH5,28,7:32,1:07:21,6.17,5.87,7:13,1:07:26,6.09,5.92,NA,82,NA,NA,NA,NA,NA,NA,NA,,,,,,,,,,
8/4/22,end,24,blank,NA,CH6,28,9:08,1:09:08,6.18,5.97,8:55,1:08:58,6.1,5.89,NA,83,NA,NA,NA,NA,NA,NA,NA,,,,,,,,,,
8/5/22,end,25,NCQ,28,CH1,28,0:29,1:01:40,6.28,4.17,0:00,1:01:25,6.73,7.78,64,70,42,1.96,1.96,1.96,21.9,7.9,48,,,,,,,,,,
8/5/22,end,25,RIU,28,CH2,28,2:40,1:03:28,6.36,4.58,1:43,1:03:20,6.77,7.11,57,60,25,5.17,5.17,5.17,21.9,7.9,48,,,,,,,,,,
8/5/22,end,25,MAO,28,CH3,28,4:37,1:05:14,6.39,4.48,3:23,1:04:50,6.77,7.03,61,63,21,2.35,2.35,2.35,21.9,7.9,48,,,,,,,,,,
8/5/22,end,25,RIP,28,CH4,28,6:23,1:06:55,6.38,3.22,5:05,1:06:31,6.8,7.02,70,72,37,2.37,2.37,2.37,21.9,7.9,48,,,,,,,,,,
8/5/22,end,25,blank,NA,CH5,28,8:28,1:08:37,6.4,6.12,6:44,1:08:11,6.78,6.5,NA,82,NA,NA,NA,NA,NA,NA,NA,,,,,,,,,,
8/5/22,end,25,blank,NA,CH6,28,10:18,1:10:14,6.52,6.21,8:35,1:09:55,6.77,6.49,NA,83,NA,NA,NA,NA,NA,NA,NA,,,,,,,,,,
8/5/22,end,26,NCT,28,CH1,28,0:28,1:00:46,6.62,5.5,0:00,1:00:23,6.67,5.76,65,66,12,0.84,0.84,0.84,21.95,7.88,48.5,,,,,,,,,,
8/5/22,end,26,RIQ,28,CH2,28,2:46,1:02:54,6.72,4.4,1:50,1:02:12,6.77,6.74,69,75,45,6.7,6.7,6.7,21.95,7.88,48.5,,,,,,,,,,
8/5/22,end,26,MAU,28,CH3,28,4:44,1:04:41,6.7,2.74,3:57,1:04:14,6.78,5.35,63,79,44,7.08,7.08,7.08,21.95,7.88,48.5,,,,,,,,,,
8/5/22,end,26,RIR,28,CH4,28,6:32,1:06:30,6.73,2.69,5:31,1:06:06,6.84,8.91,55,60,42,4.48,4.48,4.48,21.95,7.88,48.5,,,,,,,,,,
8/5/22,end,26,MAS,28,CH5,28,8:23,1:08:24,6.71,5.35,7:40,1:07:55,6.79,7.49,57,61,15,2.83,2.83,2.83,21.95,7.88,48.5,,,,,,,,,,
8/5/22,end,26,blank,NA,CH6,28,10:12,1:10:12,6.75,6.32,9:28,1:09:33,6.77,6.58,NA,83,NA,NA,NA,NA,NA,NA,NA,,,,,,,,,,
8/5/22,end,27,NCU,28,CH1,28,0:30,1:00:14,6.59,5.55,0:12,1:00:22,6.56,6.22,70,72,12,0.64,0.64,0.64,21.94,7.89,46.9,,,,,,,,,,
8/5/22,end,27,RIS,28,CH2,28,2:27,1:03:03,6.64,5.43,1:57,1:02:15,6.62,6.82,67,68,14,0.29,0.29,0.29,21.94,7.89,46.9,,,,,,,,,,
8/5/22,end,27,MAR,28,CH3,28,4:25,1:04:46,6.62,5.15,3:40,1:03:43,5.52,7.35,56,60,17,4.09,4.09,4.09,21.94,7.89,46.9,,,,,,,,,,
8/5/22,end,27,MAT,28,CH4,28,6:15,1:06:39,6.58,4.06,5:18,1:05:30,6.62,7.1,67,72,24,3.05,3.05,3.05,21.94,7.89,46.9,,,,,,,,,,
8/5/22,end,27,blank,NA,CH5,28,8:05,1:08:21,6.64,6.54,7:05,1:06:52,6.62,6.39,NA,82,NA,NA,NA,NA,NA,NA,NA,,,,,,,,,,
8/5/22,end,27,blank,NA,CH6,28,10:01,1:09:57,6.66,6.38,8:45,1:08:25,6.63,6.37,NA,83,NA,NA,NA,NA,NA,NA,NA,,,,,,,,,,
8/6/22,end,28,MAH,22,CH1,22,0:25,1:00:34,5.78,5.21,0:22,1:01:08,6.79,7.26,71,72,8,0.25,0.25,0.25,21.88,7.87,52,,,,,,,,,,
8/6/22,end,28,NCN,22,CH2,22,2:10,1:02:15,5.76,4.67,2:09,1:02:47,6.95,8.16,68,70,28,1.52,1.52,1.52,21.88,7.87,52,,,,,,,,,,
8/6/22,end,28,MAJ,22,CH3,22,3:46,1:03:53,5.05,4.34,3:51,1:04:40,6.95,6.9,67,71,35,6.58,6.58,6.58,21.88,7.87,52,,,,,,,,,,
8/6/22,end,28,MAN,22,CH4,22,5:28,1:05:29,5.84,4.99,5:34,1:06:14,7.2,8.02,63,64,15,1.14,1.14,1.14,21.88,7.87,52,,,,,,,,,,
8/6/22,end,28,blank,NA,CH5,22,7:09,1:07:14,5.9,5.86,7:17,1:07:56,7.02,6.88,NA,82,NA,NA,NA,NA,NA,NA,NA,,,,,,,,,,
8/6/22,end,28,blank,NA,CH6,22,8:48,1:08:48,5.94,5.81,8:53,1:09:32,6.97,6.79,NA,83,NA,NA,NA,NA,NA,NA,NA,,,,,,,,,,
8/6/22,end,29,NCK,22,CH1,22,0:29,1:00:30,7.11,5.91,0:30,1:00:55,7.22,8.29,56,60,20,1.8,1.8,1.8,21.91,7.87,47.5,,,,,,,,,,
8/6/22,end,29,RII,22,CH2,22,2:17,1:02:12,6.75,4.68,2:07,1:02:23,7.38,8.8,63,69,45,4.96,4.96,4.96,21.91,7.87,47.5,,,,,,,,,,
8/6/22,end,29,NCJ,22,CH3,22,3:58,1:03:27,7.1,5.79,3:55,1:03:56,7.31,8.21,54,56,23,0.72,0.72,0.72,21.91,7.87,47.5,,,,,,,,,,
8/6/22,end,29,MAL,22,CH4,22,5:40,1:05:26,7.17,5.6,5:45,1:05:35,7.31,8.2,68,70,20,2.01,2.01,2.01,21.91,7.87,47.5,,,,,,,,,,
8/6/22,end,29,blank,NA,CH5,22,7:18,1:07:12,7.15,6.79,7:29,1:07:15,7.3,7.17,NA,82,NA,NA,NA,NA,NA,NA,NA,,,,,,,,,,
8/6/22,end,29,blank,NA,CH6,22,8:56,1:08:47,7.15,6.92,9:10,1:08:46,7.29,7.06,NA,83,NA,NA,NA,NA,NA,NA,NA,,,,,,,,,,
8/6/22,end,30,RIM,22,CH1,22,0:00,1:00:10,7.14,5.58,0:24,1:02:40,7.2,7.19,73,75,24,2.52,2.52,2.52,21.97,7.85,45.8,,,,,,,,,,
8/6/22,end,30,NCH,22,CH2,22,1:47,1:01:54,7.23,5.62,2:23,1:04:14,7.26,7.27,74,76,21,1.01,1.01,1.01,21.97,7.85,45.8,,,,,,,,,,
8/6/22,end,30,RIJ,22,CH3,22,3:40,1:03:41,7.2,5.03,3:43,1:05:46,7.24,5.78,69,75,22,2.97,2.97,2.97,21.97,7.85,45.8,,,,,,,,,,
8/6/22,end,30,NCM,22,CH4,22,5:14,1:05:17,7.22,6.06,5:27,1:07:17,7.27,8.48,65,68,21,1.38,1.38,1.38,21.97,7.85,45.8,,,,,,,,,,
8/6/22,end,30,blank,NA,CH5,22,6:51,1:06:57,7.17,6.34,7:02,1:08:51,7.24,7.21,NA,82,NA,NA,NA,NA,NA,NA,NA,,,,,,,,,,
8/6/22,end,30,blank,NA,CH6,22,8:35,1:08:34,7.23,6.98,8:50,1:10:33,7.22,7.04,NA,83,NA,NA,NA,NA,NA,NA,NA,,,,,,,,,,
8/7/22,end,31,RIL,22,CH1,22,0:29,1:00:35,5.8,4.4,0:33,1:01:07,6.52,7,73,77,31,3.01,3.01,3.01,21.89,7.85,54,,,,,,,,,,
8/7/22,end,31,RIH,22,CH2,22,2:14,1:02:09,5.76,3.64,2:09,1:02:47,6.62,9.37,71,79,31,7.12,7.12,7.12,21.89,7.85,54,,,,,,,,,,
8/7/22,end,31,MAI,22,CH3,22,3:59,1:03:44,5.79,5.05,3:53,1:04:24,6.62,6.86,64,66,9,1.43,1.43,1.43,21.89,7.85,54,,,,,,,,,,
8/7/22,end,31,MAK,22,CH4,22,5:53,1:05:26,5.82,4.97,5:26,1:05:59,6.64,6.07,67,69,19,2.54,2.54,2.54,21.89,7.85,54,,,,,,,,,,
8/7/22,end,31,MAM,22,CH5,22,7:28,1:07:34,5.83,5.44,7:11,1:07:37,6.63,6.35,59,60,14,1.27,1.27,1.27,21.89,7.85,54,,,,,,,,,,
8/7/22,end,31,blank,NA,CH6,22,9:09,1:09:08,5.85,5.66,8:49,1:09:15,6.64,6.5,NA,83,NA,NA,NA,NA,NA,NA,NA,,,,,,,,,,
8/7/22,end,32,MAB,18,CH1,18,0:24,1:02:33,7.4,6.56,0:19,1:00:16,7.74,8.28,74,75,9,0.93,0.93,0.93,21.83,7.86,46,,,,,,,,,,
8/7/22,end,32,RIG,18,CH2,18,2:24,1:04:06,7.39,2.86,1:57,1:01:47,7.86,7.19,72,78,17,7.34,7.34,7.34,21.83,7.86,46,,,,,,,,,,
8/7/22,end,32,RIE,18,CH3,18,4:05,1:05:45,7.43,5.97,3:57,1:03:26,7.88,8.43,68,75,13,2.72,2.72,2.72,21.83,7.86,46,,,,,,,,,,
8/7/22,end,32,MAA,18,CH4,18,5:54,1:07:22,6.59,4.91,5:20,1:05:15,7.88,8.46,61,65,30,3.63,3.63,3.63,21.83,7.86,46,,,,,,,,,,
8/7/22,end,32,blank,NA,CH5,18,7:32,1:09:08,7.37,7.15,6:57,1:06:50,7.75,7.77,NA,82,NA,NA,NA,NA,NA,NA,NA,,,,,,,,,,
8/7/22,end,32,blank,NA,CH6,18,9:15,1:10:51,7.45,7.22,8:43,1:08:39,7.84,7.75,NA,83,NA,NA,NA,NA,NA,NA,NA,,,,,,,,,,
8/7/22,end,33,NCG,18,CH1,18,0:13,1:00:28,7.92,6.7,0:21,1:00:38,7.97,9.23,67,70,21,1.41,1.41,1.41,21.92,7.83,41.5,,,,,,,,,,
8/7/22,end,33,NCE,18,CH2,18,2:00,1:01:45,7.91,7.1,2:35,1:02:17,8,9.1,68,70,15,1.33,1.33,1.33,21.92,7.83,41.5,,,,,,,,,,
8/7/22,end,33,MAC,18,CH3,18,3:42,1:03:43,7.95,6,4:12,1:05:28,8,11.09,67,76,24,8.78,8.78,8.78,21.92,7.83,41.5,,,,,,,,,,
8/7/22,end,33,RIF,18,CH4,18,5:27,1:05:32,7.98,7.01,5:55,1:06:46,8.03,9.63,61,64,18,5.2,5.2,5.2,21.92,7.83,41.5,,,,,,,,,,
8/7/22,end,33,NCD,18,CH5,18,7:14,1:06:56,7.95,7.72,7:40,1:10:00,7.91,9.21,77,78,11,0.41,0.41,0.41,21.92,7.83,41.5,,,,,,,,,,
8/7/22,end,33,blank,NA,CH6,18,8:55,1:08:34,7.9,7.81,9:24,1:14:02,7.99,7.96,NA,83,NA,NA,NA,NA,NA,NA,NA,,,,,,,,,,
8/8/22,end,34,NCK,22,CH1,22,0:26,1:00:22,6.48,5.94,0:26,1:01:37,6.83,7.28,64,68,17,1.78,1.78,1.78,22.05,7.85,50.3,,,,,,,,,,
8/8/22,end,34,RIK,22,CH2,22,2:10,1:01:56,6.57,5.94,2:06,1:03:09,6.86,7.27,64,65,15,0.6,0.6,0.6,22.05,7.85,50.3,,,,,,,,,,
8/8/22,end,34,NCL,22,CH3,22,3:56,1:03:37,6.47,4.3,3:46,1:04:46,6.87,7.67,64,70,26,4.99,4.99,4.99,22.05,7.85,50.3,,,,,,,,,,
8/8/22,end,34,RIN,22,CH4,22,5:33,1:05:12,5.11,5.17,5:23,1:06:20,6.92,7.52,60,63,18,4,4,4,22.05,7.85,50.3,,,,,,,,,,
8/8/22,end,34,NCI,22,CH5,22,7:13,1:06:51,6.46,5.84,7:05,1:07:49,6.8,7.54,62,63,23,0.86,0.86,0.86,22.05,7.85,50.3,,,,,,,,,,
8/8/22,end,34,blank,NA,CH6,22,8:54,1:08:31,6.53,6.36,8:41,1:09:22,6.86,6.9,NA,83,NA,NA,NA,NA,NA,NA,NA,,,,,,,,,,
8/8/22,end,35,NCA,18,CH1,18,0:00,1:01:09,5.99,4.71,0:17,1:00:00,6.19,8.05,67,69,23,2.42,2.42,2.42,22.03,7.85,44.7,,,,,,,,,,
8/8/22,end,35,RID,18,CH2,18,2:03,1:02:48,5.56,5.15,1:56,1:01:57,6.26,7.42,65,70,21,4.22,4.22,4.22,22.03,7.85,44.7,,,,,,,,,,
8/8/22,end,35,RIA,18,CH3,18,4:01,1:04:28,6,4.05,3:42,1:02:27,6.22,6.85,63,67,19,3.65,3.65,3.65,22.03,7.85,44.7,,,,,,,,,,
8/8/22,end,35,MAD,18,CH4,18,5:38,1:06:07,6.05,5.58,5:18,1:03:56,6.28,6.91,71,72,8,0.49,0.49,0.49,22.03,7.85,44.7,,,,,,,,,,
8/8/22,end,35,NCB,18,CH5,18,7:20,1:07:30,6.06,4.99,6:59,1:05:25,6.16,4.99,59,61,14,0.48,0.48,0.48,22.03,7.85,44.7,,,,,,,,,,
8/8/22,end,35,blank,NA,CH6,18,8:59,1:09:58,6.07,4.94,8:39,1:06:59,6.29,6.11,NA,83,NA,NA,NA,NA,NA,NA,NA,,,,,,,,,,
8/9/22,end,36,MAF,18,CH1,18,0:26,1:00:33,7.17,5.86,0:25,1:00:18,8.34,9.27,63,65,27,2.29,2.29,2.29,21.91,7.85,48.4,,,,,,,,,,
8/9/22,end,36,NCC,18,CH2,18,2:17,1:02:14,7.16,6.68,2:01,1:01:56,8.37,9.03,68,69,12,0.53,0.53,0.53,21.91,7.85,48.4,,,,,,,,,,
8/9/22,end,36,RIC,18,CH3,18,4:04,1:03:55,7.16,7.26,3:53,1:03:25,8.4,10.14,62,67,26,6.07,6.07,6.07,21.91,7.85,48.4,,,,,,,,,,
8/9/22,end,36,MAE,18,CH4,18,5:51,1:05:35,7.25,6.32,5:29,1:05:15,8.49,7.84,61,63,24,3.24,3.24,3.24,21.91,7.85,48.4,,,,,,,,,,
8/9/22,end,36,RIB,18,CH5,18,7:39,1:07:41,7.26,6.6,7:13,1:06:46,8.54,9.24,62,64,23,2.65,2.65,2.65,21.91,7.85,48.4,,,,,,,,,,
8/9/22,end,36,blank,NA,CH6,18,9:17,1:09:50,7.32,7.04,8:54,1:08:50,8.51,8.69,NA,83,NA,NA,NA,NA,NA,NA,NA,,,,,,,,,,
8/9/22,end,37,MAG,18,CH1,18,0:32,1:01:28,8.7,7.52,0:27,1:00:31,8.85,10.29,72,75,45,4.4,4.4,4.4,21.91,7.86,52.6,,,,,,,,,,
8/9/22,end,37,NCL,22,CH2,18,2:10,1:03:28,8.69,6.67,2:10,1:02:55,8.89,8.62,71,76,26,4.99,4.99,4.99,22.05,7.85,50.3,,,,,,,,,,
8/9/22,end,37,RII,22,CH3,18,3:57,1:05:15,8.7,5.13,3:54,1:04:58,8.91,12.36,69,72,45,4.96,4.96,4.96,21.91,7.87,47.5,,,,,,,,,,
8/9/22,end,37,MAL,22,CH4,18,6:25,1:07:07,8.53,7.8,5:37,1:06:41,8.91,10.42,63,66,20,2.01,2.01,2.01,21.91,7.87,47.5,,,,,,,,,,
8/9/22,end,37,NCJ,22,CH5,18,8:00,1:08:47,8.61,7.64,7:13,1:08:48,8.92,9.39,67,69,23,0.72,0.72,0.72,21.91,7.87,47.5,,,,,,,,,,
8/9/22,end,37,blank,NA,CH6,18,9:42,1:10:10,8.74,8.59,8:59,1:10:40,8.85,8.93,NA,83,NA,NA,NA,NA,NA,NA,NA,,,,,,,,,,
8/9/22,end,38,NCF,18,CH1,18,0:24,1:00:37,8.69,7.89,0:19,1:07:12,8.95,10.08,64.5,67,18,0.95,0.95,0.95,21.91,7.86,52.6,,,,,,,,,,
8/9/22,end,38,NCN,22,CH2,18,2:18,1:02:30,8.62,8,2:16,1:09:05,9.03,11.06,65,66.5,28,1.52,1.52,1.52,21.88,7.87,52,,,,,,,,,,
8/9/22,end,38,MAH,22,CH3,18,4:03,1:04:37,8.71,6.61,3:41,1:10:50,6.99,9.91,63,62,8,0.25,0.25,0.25,21.88,7.87,52,,,,,,,,,,
8/9/22,end,38,MAJ,22,CH4,18,5:40,1:06:27,8.66,5.8,5:36,1:12:34,8.92,8.88,61,64,35,6.58,6.58,6.58,21.88,7.87,52,,,,,,,,,,
8/9/22,end,38,MAN,22,CH5,18,7:22,1:09:03,8.56,6.82,7:06,1:13:35,9.03,9.55,64,65,15,1.14,1.14,1.14,21.88,7.87,52,,,,,,,,,,
8/9/22,end,38,blank,NA,CH6,18,8:59,1:11:10,8.74,8.4,8:38,1:17:00,9.04,9.22,NA,83,NA,NA,NA,NA,NA,NA,NA,,,,,,,,,,
8/10/22,end,39,MAK,22,CH1,18,1:39,1:04:20,8.13,5.34,5:27,1:22:10,8.84,8.48,64.5,68,19,2.54,2.54,2.54,21.89,7.85,54,,,,,,,,,,
8/10/22,end,39,RIH,22,CH2,18,4:45,1:06:30,8.24,7.56,7:36,1:24:18,8.89,13.89,55,60,31,7.12,7.12,7.12,21.89,7.85,54,,,,,,,,,,
8/10/22,end,39,NCK,22,CH3,18,6:37,1:08:30,7.74,7.06,9:09,1:26:11,8.99,12.33,71,75,17,1.78,1.78,1.78,22.05,7.85,50.3,,,,,,,,,,
8/10/22,end,39,RIM,22,CH4,18,8:28,1:10:26,8.23,6.8,10:57,1:27:47,8.99,13.38,58,61,24,2.52,2.52,2.52,21.97,7.85,45.8,,,,,,,,,,
8/10/22,end,39,RIN,22,CH5,18,10:30,1:12:25,8.3,4.84,13:12,1:29:50,9.05,9.82,52,55,18,4,4,4,22.05,7.85,50.3,,,,,,,,,,
8/10/22,end,39,blank,NA,CH6,18,12:15,1:14:35,8.36,8.08,15:06,1:31:38,8.96,9.22,NA,83,NA,NA,NA,NA,NA,NA,NA,,,,,,,,,,
8/10/22,end,40,RIJ,22,CH1,18,0:47,1:03:10,9.03,7.15,0:35,1:08:22,9.33,11.51,61,65,22,2.97,2.97,2.97,21.97,7.85,45.8,,,,,,,,,,
8/10/22,end,40,RIK,22,CH2,18,2:28,1:04:50,9.04,8.44,2:22,1:10:05,9.27,10.48,61,62,15,0.6,0.6,0.6,22.05,7.85,50.3,,,,,,,,,,
8/10/22,end,40,RIL,22,CH3,18,4:15,1:06:35,9.04,7.34,4:05,1:11:47,9.2,12.82,57,63,31,3.01,3.01,3.01,21.89,7.85,54,,,,,,,,,,
8/10/22,end,40,MAM,22,CH4,18,5:58,1:08:20,9.02,7.73,5:48,1:13:23,7.51,9.44,67,68.5,14,1.27,1.27,1.27,21.89,7.85,54,,,,,,,,,,
8/10/22,end,40,NCM,22,CH5,18,7:45,1:10:04,9.17,8.44,7:30,1:15:13,9.32,10.55,60,62,21,1.38,1.38,1.38,21.97,7.85,45.8,,,,,,,,,,
8/10/22,end,40,blank,NA,CH6,18,9:24,1:11:50,9.12,9.06,8:58,1:16:35,9.19,8.88,NA,83,NA,NA,NA,NA,NA,NA,NA,,,,,,,,,,
8/11/22,end,41,NCH,22,CH1,18,0:23,1:00:35,6.03,7.29,0:30,1:00:42,7.83,8.79,64,66,21,1.01,1.01,1.01,21.97,7.85,45.8,,,,,,,,,,
8/11/22,end,41,RIO,28,CH2,18,2:07,1:02:12,7.39,6.32,2:08,1:02:02,8.14,10.28,62,64,36,5.56,5.56,5.56,21.98,7.89,47.3,,,,,,,,,,
8/11/22,end,41,NCO,28,CH3,18,3:56,1:04:43,7.31,7,3:45,1:03:51,8.13,8.8,65,67,15,0.38,0.38,0.38,21.98,7.89,47.3,,,,,,,,,,
8/11/22,end,41,NCI,22,CH4,18,5:38,1:06:56,7.53,7.07,5:26,1:05:33,8.12,8.59,74,76,23,0.86,0.86,0.86,22.05,7.85,50.3,,,,,,,,,,
8/11/22,end,41,MAI,22,CH5,18,7:19,1:09:09,7.57,6.52,7:50,1:07:06,8.15,8.16,71,73,9,1.43,1.43,1.43,21.89,7.85,54,,,,,,,,,,
8/11/22,end,41,blank,NA,CH6,18,8:58,1:11:15,7.57,7.34,9:26,1:08:42,8.13,8.32,NA,83,NA,NA,NA,NA,NA,NA,NA,,,,,,,,,,
8/11/22,end,42,MAO,28,CH1,18,0:22,1:00:23,8.09,7.03,0:20,1:02:18,8.35,8.98,71,74,21,2.35,2.35,2.35,21.9,7.9,48,,,,,,,,,,
8/11/22,end,42,NCP,28,CH2,18,2:00,1:02:29,8.16,7.58,2:00,1:03:47,8.29,9.57,73,72,12,0.4,0.4,0.4,21.96,7.88,44.2,,,,,,,,,,
8/11/22,end,42,NCQ,28,CH3,18,3:33,1:05:02,7.92,6.87,4:04,1:05:16,8.3,12.31,69,70,42,1.96,1.96,1.96,21.9,7.9,48,,,,,,,,,,
8/11/22,end,42,RIP,28,CH4,18,5:21,1:07:41,8.2,7.46,5:35,1:06:48,8.28,9.77,66,67,37,2.37,2.37,2.37,21.9,7.9,48,,,,,,,,,,
8/11/22,end,42,MAP,28,CH5,18,7:03,1:09:45,8.1,7.72,7:12,1:08:22,8.29,8.57,63,65,18,2.15,2.15,2.15,21.96,7.88,44.2,,,,,,,,,,
8/11/22,end,42,blank,NA,CH6,18,8:39,1:11:30,8.07,8.08,8:52,1:09:56,8.22,8.53,NA,83,NA,NA,NA,NA,NA,NA,NA,,,,,,,,,,
8/11/22,end,43,MAR,28,CH1,18,0:23,1:01:25,8.13,7.64,0:00,1:00:51,8.26,9.56,64,66,17,4.09,4.09,4.09,21.94,7.89,46.9,,,,,,,,,,
8/11/22,end,43,RIR,28,CH2,18,1:30,1:02:43,8.24,6.11,1:36,1:02:15,8.32,11.07,63,70,42,4.48,4.48,4.48,21.95,7.88,48.5,,,,,,,,,,
8/11/22,end,43,MAQ,28,CH3,18,3:51,1:05:00,8.2,6.73,3:09,1:03:54,8.3,8.98,62,71,20,3.75,3.75,3.75,21.96,7.88,44.2,,,,,,,,,,
8/11/22,end,43,RIQ,28,CH4,18,5:26,1:07:09,8.21,6.32,4:35,1:05:26,8.35,13.48,67,69,45,6.7,6.7,6.7,21.95,7.88,48.5,,,,,,,,,,
8/11/22,end,43,NCR,28,CH5,18,7:04,1:09:19,8.15,8.05,6:31,1:07:30,8.34,9.82,71,73,9,0.55,0.55,0.55,21.98,7.89,47.3,,,,,,,,,,
8/11/22,end,43,blank,NA,CH6,18,8:50,1:11:21,8.26,8.07,8:15,1:08:57,8.38,8.57,NA,83,NA,NA,NA,NA,NA,NA,NA,,,,,,,,,,
8/12/22,end,44,MAS,28,CH1,18,0:21,1:00:19,7.14,6.48,0:19,1:00:26,8.04,8.62,67,73,15,2.83,2.83,2.83,21.95,7.88,48.5,,,,,,,,,,
8/12/22,end,44,RIT,28,CH2,18,2:07,1:02:18,7.17,6.5,1:53,1:02:00,8,10.13,74,77,34,3.11,3.11,3.11,21.96,7.88,44.2,,,,,,,,,,
8/12/22,end,44,RIS,28,CH3,18,3:51,1:04:25,7.16,7.08,4:00,1:03:31,7.94,9.57,71,72,14,0.29,0.29,0.29,21.94,7.89,46.9,,,,,,,,,,
8/12/22,end,44,NCT,28,CH4,18,5:31,1:06:48,7.14,7.22,5:35,1:05:06,8.02,8.93,75,76,12,0.84,0.84,0.84,21.95,7.88,48.5,,,,,,,,,,
8/12/22,end,44,NCS,28,CH5,18,7:08,1:08:50,7.19,6.7,7:07,1:06:42,8.03,9.55,69,70,12,0.57,0.57,0.57,21.98,7.89,47.3,,,,,,,,,,
8/12/22,end,44,blank,NA,CH6,18,8:43,1:10:51,7.3,7.16,8:39,1:07:50,7.96,8.44,NA,83,NA,NA,NA,NA,NA,NA,NA,,,,,,,,,,
8/12/22,end,45,MAU,28,CH1,18,0:45,1:00:25,7.98,5.65,0:20,1:00:11,8.06,8.81,67,75,44,7.08,7.08,7.08,21.95,7.88,48.5,,,,,,,,,,
8/12/22,end,45,NCU,28,CH2,18,2:21,1:02:33,8.03,7.79,1:52,1:02:05,8.18,8.68,68,70,12,0.64,0.64,0.64,21.94,7.89,46.9,,,,,,,,,,
8/12/22,end,45,NCV,32,CH3,18,3:53,1:04:44,8,7.68,3:26,1:03:14,8.19,8.79,59,62,39,1.47,1.47,1.47,21.85,7.91,52.3,,,,,,,,,,
8/12/22,end,45,RIU,28,CH4,18,5:29,1:06:34,6.27,5.46,5:01,1:04:38,8.21,9.63,71,73,25,5.17,5.17,5.17,21.9,7.9,48,,,,,,,,,,
8/12/22,end,45,MAT,28,CH5,18,7:03,1:08:30,7.98,6.29,7:05,1:06:17,8.19,9.28,73,76,24,3.05,3.05,3.05,21.94,7.89,46.9,,,,,,,,,,
8/12/22,end,45,blank,NA,CH6,18,8:40,1:10:30,8.13,7.03,8:12,1:07:49,8.14,8.61,NA,83,NA,NA,NA,NA,NA,NA,NA,,,,,,,,,,
8/12/22,end,46,NCW,32,CH1,18,0:34,1:03:15,7.85,7.41,0:00,1:00:25,8.25,9.27,72,75,38,2.23,2.23,2.23,21.79,7.88,46.3,,,,,,,,,,
8/12/22,end,46,MAW,32,CH2,18,2:12,1:00:31,8.19,7.88,1:50,1:01:55,8.33,9.46,74,76,26,4.64,4.64,4.64,21.79,7.88,46.3,,,,,,,,,,
8/12/22,end,46,MAV,32,CH3,18,3:50,1:05:08,7.85,6.38,3:24,1:03:30,8.4,10.66,65,67,30,5.09,5.09,5.09,21.9,7.89,47.4,,,,,,,,,,
8/12/22,end,46,RIW,32,CH4,18,5:29,1:07:14,8.18,7.18,4:55,1:05:04,8.39,10.38,61,63,14,1.63,1.63,1.63,21.79,7.88,46.3,,,,,,,,,,
8/12/22,end,46,RIV,32,CH5,18,7:13,1:09:09,7.78,7.69,6:31,1:06:35,8.4,9.07,78,79,19,2.53,2.53,2.53,21.85,7.91,52.3,,,,,,,,,,
8/12/22,end,46,blank,NA,CH6,18,8:45,1:11:10,8.07,7.65,8:00,1:07:59,8.38,8.65,NA,83,NA,NA,NA,NA,NA,NA,NA,,,,,,,,,,
8/13/22,end,47,MAX,32,CH1,18,0:22,1:01:00,6.94,6.13,0:16,1:02:52,7.93,8.72,72,75,20,2.06,2.05,2.06,21.85,7.91,52.3,,,,,,,,,,
8/13/22,end,47,RIX,32,CH2,18,1:50,1:02:50,6.9,5.61,1:50,1:04:30,8.08,8.37,65,64,27,3.73,3.73,3.73,21.9,7.89,47.4,,,,,,,,,,
8/13/22,end,47,NCY,32,CH3,18,3:41,1:05:00,6.86,5.11,3:32,1:06:00,7.81,9.08,68,70,37,4.99,4.98,4.99,21.85,7.91,52.3,,,,,,,,,,
8/13/22,end,47,NCX,32,CH4,18,5:20,1:06:57,6.84,6.44,5:01,1:07:41,8.09,9.09,75,78,14,0.57,0.57,0.57,21.49,7.9,45.2,,,,,,,,,,
8/13/22,end,47,RIY,32,CH5,18,6:52,1:08:54,6.96,6.78,6:37,1:09:15,8.12,8.41,71,73,34,3.1,3.11,3.13,21.49,7.9,45.2,,,,,,,,,,
8/13/22,end,47,blank,NA,CH6,18,8:33,1:10:53,7.06,6.9,8:14,1:10:45,8.15,8.62,NA,83,NA,NA,NA,NA,NA,NA,NA,,,,,,,,,,
8/13/22,end,48,MAZ,32,CH1,18,0:24,1:00:45,8.11,7.4,0:00,1:02:05,8.3,9.46,64,67,37,5.74,5.74,5.74,19.85,7.84,61.7,,,,,,,,,,
8/13/22,end,48,NCZ,32,CH2,18,2:00,1:02:42,8.17,7.44,1:30,1:03:38,8.44,9.02,68,71,24,0.63,0.65,0.64,21.49,7.9,45.2,,,,,,,,,,
8/13/22,end,48,RIZ,32,CH3,18,3:40,1:04:38,8.09,7.96,3:03,1:05:07,8.39,10.21,61,64,13,1.71,1.71,1.71,21.9,7.89,47.4,,,,,,,,,,
8/13/22,end,48,NCAA,32,CH4,18,5:14,1:06:35,7.44,7.42,4:40,1:06:45,8.44,9.84,67,68,17,0.64,0.64,0.64,19.85,7.84,61.7,,,,,,,,,,
8/13/22,end,48,MAY,32,CH5,18,6:52,1:08:53,8.12,6.95,6:14,1:08:17,8.43,9.18,72,73,17,1.11,1.12,1.11,21.49,7.9,45.2,,,,,,,,,,
8/13/22,end,48,blank,NA,CH6,18,8:31,1:10:55,8.24,8.03,7:43,1:09:53,8.33,9.07,NA,83,NA,NA,NA,NA,NA,NA,NA,,,,,,,,,,
8/13/22,end,49,RIAB,32,CH1,18,0:24,1:00:49,8.34,7.52,0:31,1:00:10,8.28,8.31,74,76,27,4.24,4.24,4.24,19.85,7.84,61.7,,,,,,,,,,
8/13/22,end,49,MAAA,32,CH2,18,2:10,1:02:43,8.28,5.55,2:09,1:01:39,8.35,7.64,65,69,32,6.86,6.86,6.86,21.9,7.89,47.4,,,,,,,,,,
8/13/22,end,49,NCAB,32,CH3,18,3:54,1:04:40,8.13,7.88,3:43,1:03:06,8.39,8.92,69,70,18,0.58,0.58,0.58,19.85,7.84,61.7,,,,,,,,,,
8/13/22,end,49,MAAB,32,CH4,18,5:36,1:06:49,8.23,7.19,5:26,1:04:39,8.44,9.56,75,76,38,2.77,2.77,2.77,21.79,7.88,46.3,,,,,,,,,,
8/13/22,end,49,RIAA,32,CH5,18,7:19,1:09:02,8.17,7.91,7:02,1:06:08,8.26,9.31,73,75,45,1.54,1.52,1.52,21.85,7.91,52.3,,,,,,,,,,
8/13/22,end,49,blank,NA,CH6,18,8:57,1:11:00,8.35,8.04,8:37,1:07:55,8.36,9.02,NA,83,NA,NA,NA,NA,NA,NA,NA,,,,,,,,,,